-- MySQL dump 10.13  Distrib 8.0.32, for Win64 (x86_64)
--
-- Host: localhost    Database: hw3
-- ------------------------------------------------------
-- Server version	8.0.32

/*!40101 SET @OLD_CHARACTER_SET_CLIENT=@@CHARACTER_SET_CLIENT */;
/*!40101 SET @OLD_CHARACTER_SET_RESULTS=@@CHARACTER_SET_RESULTS */;
/*!40101 SET @OLD_COLLATION_CONNECTION=@@COLLATION_CONNECTION */;
/*!50503 SET NAMES utf8mb4 */;
/*!40103 SET @OLD_TIME_ZONE=@@TIME_ZONE */;
/*!40103 SET TIME_ZONE='+00:00' */;
/*!40014 SET @OLD_UNIQUE_CHECKS=@@UNIQUE_CHECKS, UNIQUE_CHECKS=0 */;
/*!40014 SET @OLD_FOREIGN_KEY_CHECKS=@@FOREIGN_KEY_CHECKS, FOREIGN_KEY_CHECKS=0 */;
/*!40101 SET @OLD_SQL_MODE=@@SQL_MODE, SQL_MODE='NO_AUTO_VALUE_ON_ZERO' */;
/*!40111 SET @OLD_SQL_NOTES=@@SQL_NOTES, SQL_NOTES=0 */;

--
-- Table structure for table `classes`
--

DROP TABLE IF EXISTS `classes`;
/*!40101 SET @saved_cs_client     = @@character_set_client */;
/*!50503 SET character_set_client = utf8mb4 */;
CREATE TABLE `classes` (
  `name` varchar(50) NOT NULL,
  `credits` int DEFAULT NULL,
  PRIMARY KEY (`name`)
) ENGINE=InnoDB DEFAULT CHARSET=utf8mb4 COLLATE=utf8mb4_0900_ai_ci;
/*!40101 SET character_set_client = @saved_cs_client */;

--
-- Dumping data for table `classes`
--

LOCK TABLES `classes` WRITE;
/*!40000 ALTER TABLE `classes` DISABLE KEYS */;
INSERT INTO `classes` VALUES ('01:119:101 General Biology I',3),('01:119:102 General Biology II',4),('01:119:103 Biology of Cancer',3),('01:119:105 The Facts of Life',3),('01:119:106 Human Reproduction and Development',4),('01:119:107 General Biology I Laboratory',3),('01:119:108 General Biology II Laboratory',3),('01:119:110 Biology of Disease',4),('01:119:199 Exploring Careers in Biology ',4),('01:119:201 Basic Botany',3),('01:119:202 Understanding Environmental Problems',3),('01:119:211 Microbiology and Its Application',3),('01:119:231 Clinical Aspects of Human Genetics (3)',4),('01:119:305 Molecular Biology',3),('01:119:306 Molecular Biology Laboratory',3),('01:119:307 Genetics',3),('01:119:308 Genetics Laboratory',4),('01:119:310 Evolution',4),('01:119:330 General Microbiology',4),('01:119:331 General Microbiology Laboratory',3),('01:119:333 Advanced Microbiolog',3),('01:119:334 Cell Biology',3),('01:119:335 Cell Biology Laboratory',3),('01:119:338 Immunology and Serology',4),('01:119:339 Immunology and Serology Laboratory',4),('01:119:341 General Physiology',4),('01:119:342 General Physiology Laboratory',4),('01:119:344 Neurobiology I',3),('01:119:345 Neurobiology II',4),('01:119:346 Animal Physiology',4),('01:119:347 Pathophysiology',4),('01:119:351 General Ecology',4),('01:119:353 General Ecology Laboratory',4),('01:119:360 Developmental Botany',3),('01:119:362 Comparative Morphology of Plants',4),('01:119:363 Plant Ecology',4),('01:119:366 Plant Physiology',4),('01:119:367 Plant Physiology Laboratory',4),('01:119:371 Evolutionary Morphology',3),('01:119:374 Vertebrate Embryology',3),('01:119:376 Animal Histology',4),('01:119:378 Invertebrate Zoology',4),('01:119:379 Animal Behavior',3),('01:119:380 Vertebrate Zoology',3),('01:119:381 Vertebrate Zoology Lab',3),('01:119:385 Weird Biology',4),('01:119:387 Circadian Rhythms',3),('01:119:388 Invertebrate Zoology',3),('01:119:394 Community Ecology',3),('01:119:398 Internship in Biology',3),('01:119:399 Current Topics in Biology',4),('01:119:401 Microtechnique and its Applications',3),('01:119:410 Electron Microscopy',3),('01:119:422 Ecology of Soil Organisms',4),('01:119:423 Ecology of Soil Organisms Lab',4),('01:119:444 Molecular Diagnostics',3),('01:119:480 Recombinant DNA Technology',3),('01:119:494 Seminar in Biology',4),('01:160:111 Chemistry of Drugs',4),('01:160:127 Impact of Chemistry',4),('01:160:128 Chemistry of Life',3),('01:160:133 Preparation for General Chemistry',3),('01:160:134 Introduction to Chemistry',3),('01:160:163 Honors General Chemistry',4),('01:160:192 Topics in Chemistry',4),('01:160:209 Elementary Organic Chemistry',4),('01:160:211 Elementary Organic Chemistry Laboratory',4),('01:160:305 Organic Chemistry',4),('01:160:306 Organic Chemistry',3),('01:160:307 Organic Chemistry',4),('01:160:308 Organic Chemistry',3),('01:160:309 Organic Chemistry Laboratory',4),('01:160:310 Organic Chemistry Laboratory',4),('01:160:311 Organic Chemistry Laboratory',4),('01:160:315 Honors Organic Chemistry',3),('01:160:316 Honors Organic Chemistry',3),('01:160:323 Physical Chemistry',4),('01:160:324 Physical Chemistry',3),('01:160:329 Experimental Physical Chemistry',3),('01:160:348 Instrumental Analysis',3),('01:160:371 Inorganic Chemistry',3),('01:160:391 Independent Study in Chemistry',3),('01:160:392 Independent Study in Chemistry',3),('01:160:409 Organic Chemistry of High Polymers',4),('01:160:410 Introduction to Molecular Modeling',4),('01:160:411 Advanced Organic Chemistry',3),('01:160:412 Advanced Organic Chemistry',3),('01:160:418 Bioorganic Mechanisms',4),('01:160:422 Statistical Mechanics',3),('01:160:425 Thermodynamics I',4),('01:160:426 Thermodynamics II',4),('01:160:433 Chemical Application of Group Theory',3),('01:160:439 Physical Chemistry of the Environment',4),('01:160:446 Chemical Separations',3),('01:160:459 Electroanalytic Chemistry',3),('01:160:471 Advanced Inorganic Chemistry',4),('01:160:475 Organometallic Chemistry',4),('01:160:476 Bioinorganic Chemistry',4),('01:160:492 Seminar in Chemistry',3),('01:160:495 Senior Research Project: Chemistry',3),('01:160:496 Senior Research Project: Chemistry',4),('01:160:497 Honors Research in Chemistry',4),('01:160:498 Honors Research in Chemistry',3),('01:160:499 Introduction to Teaching Chemistry Lab',3),('01:198:103 Introduction to Computer Skills',3),('01:198:105 Great Insights in Computer Science',4),('01:198:107 Computing for Math and the Sciences',3),('01:198:110 Principles of Computer Science',3),('01:198:111 Introduction to Computer Science',3),('01:198:112 Data Structures',3),('01:198:142 Data 101: Data Literacy',4),('01:198:143 Data 101: Data Literacy Hybrid Version*',4),('01:198:170 Computer Application for Business',3),('01:198:195 Honors Seminar in Computer Science',3),('01:198:205 Introduction to Discrete Structures I',3),('01:198:206 Introduction to Discrete Structures II',4),('01:198:210 Data management for Data Science',3),('01:198:211 Computer Architecture',4),('01:198:213 Software Methodology',3),('01:198:214 Systems Programming',3),('01:198:310 Data Science Capstone Project ',3),('01:198:314 Principles of Programming Languages',4),('01:198:323 Numerical Analysis and Computing',4),('01:198:324 Numerical Methods',4),('01:198:334 Introduction to Imaging and Multimedia',4),('01:198:352 Internet Technology',4),('01:198:405 Seminar in Computers and Society',3),('01:198:411 Computer Architecture II',4),('01:198:415 Compilers',4),('01:198:416 Operating Systems Design',3),('01:198:419 Computer Security',3),('01:198:425 Brain-Inspired Computing',3),('01:198:428 Introduction to Computer Graphics',4),('01:198:431 Software Engineering',3),('01:198:437 Database Systems Implementation',4),('01:198:439 Introduction to Data Science',3),('01:198:440 Introduction to Artificial Intelligence',3),('01:198:442 Topics in Computer Science',3),('01:198:443 Topics in Computer Science',4),('01:198:444-Topics in Computer Science',4),('01:198:445 Topics in Computer Science',4),('01:198:452 Formal Languages and Automata',4),('01:198:460 Introduction to Computational Robotics',4),('01:198:461 Machine Learning Principles',3),('01:198:462 Introduction to Deep Learning',4),('01:198:493 Independent Study in Computer Science',3),('01:198:494 Independent Study in Computer Science',3),('01:198:495 Honors Capstone 1',4),('01:198:496 Honors Capstone 2',4),('01:354:360 Film Noir',3),('01:354:420 Seminar: Film Theory',3),('01:358:216 World Literatures in English',3),('01:358:243 Introduction to the Short Story',4),('01:358:255 Introduction to Modern Literary Fantasy',3),('01:358:261 Introduction to Women Writers',3),('01:358:304 Medieval Literature of Dissent',4),('01:358:314 Shakespeare: The Early Plays',3),('01:358:316 Milton',3),('01:358:328 Eighteenth Century Literature',3),('01:358:335 Nineteenth Century Theater and Drama ',3),('01:358:337 Nineteenth Century Women Writers',4),('01:358:358 Early Twentieth Century Fiction',3),('01:358:360 Later Twentieth Century Literature',4),('01:358:361 Twentieth Century Global Literature',4),('01:358:361 Twentieth Century Global Literature ',3),('01:358:363 Fantasy Fiction',3),('01:358:372 Black Theater and Drama',3),('01:358:373 Black Novel',3),('01:358:378 Black Music and Literature',3),('01:358:379 Black Women Writers',3),('01:358:398 The English Bible',4),('01:358:411 Old English Language and Literature',4),('01:358:445 Seminar: Afro-Futurism',3),('01:358:445 Seminar: Afrofuturism',4),('01:359:201 Principles of Literary Study',4),('01:359:207 Data and Culture',4),('01:359:315 Allegories of Reading',3),('01:359:326 Literature and Psychology',4),('01:359:347 Serial Storytelling',3),('01:359:410 Seminar: Relational Aesthetics',4),('01:640:001 Computational Skills',3),('01:640:025 Elementary Algebra',4),('01:640:026 Intermediate Algebra',3),('01:640:104 Introduction to Probability',3),('01:640:106 Mathematics of Money',4),('01:640:107 Number and Operation for K-8 Teaching',3),('01:640:110 Algebra for Middle School Teachers',4),('01:640:111 Precalculus I',3),('01:640:112 Precalculus II',4),('01:640:115 Precalculus College Mathematics',4),('01:640:123 Preparation for Calculus I',4),('01:640:125 Methods of Mathematical Problem Solving',3),('01:640:196 First and Second Year Honors Seminar',4),('01:640:250 Introductory Linear Algebra',3),('01:640:251 Multivariable Calculus',3),('01:640:252 Elementary Differential Equations',3),('01:640:291 Honors Calculus III',3),('01:640:292 Honors Calculus IV',4),('01:640:300 Introduction to Mathematical Reasoning',4),('01:640:311 Introduction to Real Analysis I',4),('01:640:312 Introduction to Real Analysis II',3),('01:640:321 Introduction to Applied Mathematics',4),('01:640:325 Foundations of Quantum Mechanics',3),('01:640:336 Dynamical Models in Biology',3),('01:640:348 Cryptography',3),('01:640:350 Linear Algebra',3),('01:640:351 Introduction to Abstract Algebra I',4),('01:640:354 Linear Optimization',4),('01:640:356 Theory of Numbers',3),('01:640:357 Topics in Applied Algebra',3),('01:640:361 Set Theory',3),('01:640:373 Numerical Analysis I',4),('01:640:411 Mathematical Analysis I',4),('01:640:412 Mathematical Analysis II',4),('01:640:421 Advanced Calculus for Engineering',4),('01:640:428 Graph Theory',3),('01:640:432 Introduction to Differential Geometry',3),('01:640:435 Geometry',3),('01:640:437 History of Mathematics',3),('01:640:441 Introductory Topology',3),('01:640:442 Introductory Topology II',3),('01:640:451 Abstract Algebra I',3),('01:640:452 Abstract Algebra II',3),('01:640:454 Combinatorics',3),('01:640:461 Mathematical Logic',4),('01:640:468 Connections Seminar',3),('01:640:477 Mathematical Theory of Probability',4),('01:640:478 Introduction to Stochastic Processes',3),('01:640:481 Mathematical Theory of Statistics',4),('01:640:485 Introduction to Mathematical Finance',4),('01:640:491 Mathematics Problem Solving Seminar',4),('01:640:492 Junior-Senior Honors Seminar',4),('01:640:495 Selected Topics in Mathematics',4),('01:750:103 Is the Universe Elegant?',4),('01:750:132 Elements of Physics II',3),('01:750:133 Introductory Physics Laboratory I',3),('01:750:134 Introductory Physics Laboratory II',4),('01:750:140 Introduction to Scientific Programming',4),('01:750:172 Topics in Physics II',3),('01:750:203 General Physics I',3),('01:750:204 General Physics II',3),('01:750:232 Elements of Modern Physics',3),('01:750:233 Electric Circuits I',3),('01:750:234 Electric Circuits II',4),('01:750:235 Electric Circuits Laboratory I',4),('01:750:236 Electric Circuits Laboratory II',3),('01:750:238 Modern Physics Laboratory',4),('01:750:253 Mechanics I',3),('01:750:254 Mechanics II',3),('01:750:291 Mechanics of Materials',4),('01:750:301 Electromagnetic Theory',3),('01:750:302 Electromagnetic Waves and Optics',3),('01:750:304 Introduction to Astrophysics',3),('01:750:307 Electronics',4),('01:750:309 Analytical Mechanics I',4),('01:750:310 Analytical Mechanics II',3),('01:750:321 Physics of Music',4),('01:750:322 3D Printing',3),('01:750:351 Thermal Physics I',4),('01:750:352 Thermal Physics II',3),('01:750:354 Physics Computer Laboratory',4),('01:750:362 Biophysics',4),('01:750:374 Energy and Environment',3),('01:750:406 Condensed Matter and Material Physics',3),('01:750:408 Advanced Physics Laboratory',4),('01:750:409 Advanced Physics Laboratory',4),('01:750:413 Elements of Quantum Mechanics I',4),('01:750:414 Elements of Quantum Mechanics II',4),('01:750:417 Computational Physics I',3),('01:750:418 Computational Physics II',3),('01:750:420 Methods of Material Characterization',4),('01:750:430 Optical Microscopy',3),('01:750:453 Physics Seminar',4),('01:750:463 Mathematical Physics I',4),('01:750:464 Mathematical Physics II',4),('01:750:489 Independent Studies',4),('01:750:490 Independent Studies',4),('01:750:491 Research in Physics I',4),('01:750:492 Research in Physics II',4),('01:750:495 Honors Program in Physics',4),('01:750:496 Honors Program in Physics',4);
/*!40000 ALTER TABLE `classes` ENABLE KEYS */;
UNLOCK TABLES;

--
-- Table structure for table `departments`
--

DROP TABLE IF EXISTS `departments`;
/*!40101 SET @saved_cs_client     = @@character_set_client */;
/*!50503 SET character_set_client = utf8mb4 */;
CREATE TABLE `departments` (
  `name` varchar(5) NOT NULL,
  `campus` varchar(5) DEFAULT NULL,
  PRIMARY KEY (`name`)
) ENGINE=InnoDB DEFAULT CHARSET=utf8mb4 COLLATE=utf8mb4_0900_ai_ci;
/*!40101 SET character_set_client = @saved_cs_client */;

--
-- Dumping data for table `departments`
--

LOCK TABLES `departments` WRITE;
/*!40000 ALTER TABLE `departments` DISABLE KEYS */;
INSERT INTO `departments` VALUES ('Bio','Busch'),('Chem','Livi'),('CS','CAC'),('Eng','CD'),('Math','CAC'),('Phys','Busch');
/*!40000 ALTER TABLE `departments` ENABLE KEYS */;
UNLOCK TABLES;

--
-- Table structure for table `hastaken`
--

DROP TABLE IF EXISTS `hastaken`;
/*!40101 SET @saved_cs_client     = @@character_set_client */;
/*!50503 SET character_set_client = utf8mb4 */;
CREATE TABLE `hastaken` (
  `sid` int DEFAULT NULL,
  `name` varchar(50) DEFAULT NULL,
  `grade` char(1) DEFAULT NULL,
  KEY `sid` (`sid`),
  KEY `name` (`name`),
  CONSTRAINT `hastaken_ibfk_1` FOREIGN KEY (`sid`) REFERENCES `students` (`id`),
  CONSTRAINT `hastaken_ibfk_2` FOREIGN KEY (`name`) REFERENCES `classes` (`name`)
) ENGINE=InnoDB DEFAULT CHARSET=utf8mb4 COLLATE=utf8mb4_0900_ai_ci;
/*!40101 SET character_set_client = @saved_cs_client */;

--
-- Dumping data for table `hastaken`
--

LOCK TABLES `hastaken` WRITE;
/*!40000 ALTER TABLE `hastaken` DISABLE KEYS */;
INSERT INTO `hastaken` VALUES (134304142,'01:160:433 Chemical Application of Group Theory','A'),(242601337,'01:198:440 Introduction to Artificial Intelligence','C'),(242601337,'01:640:411 Mathematical Analysis I','D'),(242601337,'01:119:388 Invertebrate Zoology','A'),(242601337,'01:640:428 Graph Theory','C'),(349264939,'01:198:411 Computer Architecture II','D'),(349264939,'01:119:363 Plant Ecology','A'),(349264939,'01:750:204 General Physics II','B'),(349264939,'01:160:316 Honors Organic Chemistry','A'),(349264939,'01:640:485 Introduction to Mathematical Finance','B'),(349264939,'01:640:025 Elementary Algebra','B'),(349264939,'01:160:475 Organometallic Chemistry','B'),(349264939,'01:750:309 Analytical Mechanics I','B'),(349264939,'01:160:495 Senior Research Project: Chemistry','C'),(349264939,'01:358:361 Twentieth Century Global Literature ','F'),(349264939,'01:640:311 Introduction to Real Analysis I','D'),(349264939,'01:198:105 Great Insights in Computer Science','A'),(349264939,'01:358:358 Early Twentieth Century Fiction','A'),(349264939,'01:119:335 Cell Biology Laboratory','A'),(349264939,'01:358:216 World Literatures in English','A'),(349264939,'01:358:261 Introduction to Women Writers','A'),(349264939,'01:160:348 Instrumental Analysis','A'),(349264939,'01:358:304 Medieval Literature of Dissent','B'),(349264939,'01:359:315 Allegories of Reading','D'),(349264939,'01:160:426 Thermodynamics II','A'),(349264939,'01:160:305 Organic Chemistry','F'),(349264939,'01:358:255 Introduction to Modern Literary Fantasy','A'),(349264939,'01:119:310 Evolution','B'),(349264939,'01:119:398 Internship in Biology','B'),(349264939,'01:119:106 Human Reproduction and Development','A'),(349264939,'01:160:498 Honors Research in Chemistry','A'),(349264939,'01:119:101 General Biology I','A'),(349264939,'01:160:324 Physical Chemistry','B'),(349264939,'01:640:412 Mathematical Analysis II','A'),(349264939,'01:119:371 Evolutionary Morphology','A'),(349264939,'01:119:385 Weird Biology','B'),(349264939,'01:198:210 Data management for Data Science','C'),(349264939,'01:750:414 Elements of Quantum Mechanics II','C'),(349264939,'01:640:454 Combinatorics','A'),(898944068,'01:750:406 Condensed Matter and Material Physics','B'),(898944068,'01:640:428 Graph Theory','A'),(898944068,'01:119:108 General Biology II Laboratory','A'),(898944068,'01:198:495 Honors Capstone 1','F'),(898944068,'01:750:203 General Physics I','C'),(898944068,'01:359:315 Allegories of Reading','A'),(898944068,'01:358:328 Eighteenth Century Literature','A'),(898944068,'01:160:192 Topics in Chemistry','A'),(898944068,'01:750:430 Optical Microscopy','A'),(898944068,'01:358:358 Early Twentieth Century Fiction','A'),(898944068,'01:119:110 Biology of Disease','B'),(898944068,'01:750:103 Is the Universe Elegant?','B'),(898944068,'01:160:411 Advanced Organic Chemistry','C'),(898944068,'01:119:494 Seminar in Biology','A'),(898944068,'01:358:445 Seminar: Afrofuturism','A'),(898944068,'01:640:452 Abstract Algebra II','B'),(898944068,'01:640:432 Introduction to Differential Geometry','A'),(898944068,'01:750:236 Electric Circuits Laboratory II','A'),(898944068,'01:160:471 Advanced Inorganic Chemistry','C'),(136795005,'01:198:110 Principles of Computer Science','C'),(136795005,'01:160:133 Preparation for General Chemistry','A'),(136795005,'01:750:453 Physics Seminar','A'),(648138420,'01:750:234 Electric Circuits II','A'),(648138420,'01:119:344 Neurobiology I','A'),(648138420,'01:119:346 Animal Physiology','C'),(648138420,'01:119:380 Vertebrate Zoology','A'),(648138420,'01:160:409 Organic Chemistry of High Polymers','B'),(648138420,'01:640:454 Combinatorics','A'),(648138420,'01:198:431 Software Engineering','B'),(648138420,'01:119:338 Immunology and Serology','A'),(648138420,'01:160:410 Introduction to Molecular Modeling','B'),(648138420,'01:198:496 Honors Capstone 2','C'),(648138420,'01:640:115 Precalculus College Mathematics','B'),(648138420,'01:750:492 Research in Physics II','A'),(648138420,'01:198:103 Introduction to Computer Skills','A'),(648138420,'01:750:409 Advanced Physics Laboratory','A'),(648138420,'01:119:494 Seminar in Biology','A'),(492414355,'01:640:325 Foundations of Quantum Mechanics','B'),(492414355,'01:119:388 Invertebrate Zoology','A'),(492414355,'01:640:412 Mathematical Analysis II','A'),(492414355,'01:358:363 Fantasy Fiction','B'),(492414355,'01:640:291 Honors Calculus III','A'),(492414355,'01:198:493 Independent Study in Computer Science','C'),(492414355,'01:119:494 Seminar in Biology','A'),(492414355,'01:354:360 Film Noir','A'),(492414355,'01:160:497 Honors Research in Chemistry','A'),(492414355,'01:358:378 Black Music and Literature','C'),(492414355,'01:198:143 Data 101: Data Literacy Hybrid Version*','A'),(492414355,'01:750:203 General Physics I','A'),(492414355,'01:119:381 Vertebrate Zoology Lab','A'),(492414355,'01:358:445 Seminar: Afrofuturism','F'),(492414355,'01:119:379 Animal Behavior','D'),(492414355,'01:160:409 Organic Chemistry of High Polymers','B'),(492414355,'01:119:378 Invertebrate Zoology','A'),(492414355,'01:160:439 Physical Chemistry of the Environment','A'),(492414355,'01:640:461 Mathematical Logic','B'),(492414355,'01:160:306 Organic Chemistry','A'),(492414355,'01:160:192 Topics in Chemistry','A'),(492414355,'01:160:410 Introduction to Molecular Modeling','B'),(492414355,'01:750:234 Electric Circuits II','A'),(492414355,'01:750:490 Independent Studies','A'),(492414355,'01:750:374 Energy and Environment','B'),(492414355,'01:750:463 Mathematical Physics I','B'),(492414355,'01:750:310 Analytical Mechanics II','A'),(492414355,'01:119:387 Circadian Rhythms','A'),(492414355,'01:119:362 Comparative Morphology of Plants','A'),(930705745,'01:750:374 Energy and Environment','B'),(930705745,'01:358:261 Introduction to Women Writers','D'),(930705745,'01:119:387 Circadian Rhythms','B'),(930705745,'01:640:104 Introduction to Probability','A'),(930705745,'01:160:324 Physical Chemistry','B'),(930705745,'01:198:210 Data management for Data Science','B'),(930705745,'01:359:347 Serial Storytelling','A'),(930705745,'01:119:444 Molecular Diagnostics','A'),(930705745,'01:160:410 Introduction to Molecular Modeling','D'),(930705745,'01:160:411 Advanced Organic Chemistry','A'),(930705745,'01:358:304 Medieval Literature of Dissent','A'),(930705745,'01:750:406 Condensed Matter and Material Physics','F'),(930705745,'01:119:310 Evolution','A'),(930705745,'01:198:431 Software Engineering','A'),(930705745,'01:750:417 Computational Physics I','C'),(930705745,'01:198:494 Independent Study in Computer Science','C'),(930705745,'01:640:442 Introductory Topology II','A'),(930705745,'01:119:380 Vertebrate Zoology','A'),(930705745,'01:198:440 Introduction to Artificial Intelligence','A'),(930705745,'01:640:300 Introduction to Mathematical Reasoning','A'),(930705745,'01:750:103 Is the Universe Elegant?','F'),(930705745,'01:640:495 Selected Topics in Mathematics','A'),(930705745,'01:119:398 Internship in Biology','C'),(930705745,'01:750:413 Elements of Quantum Mechanics I','B'),(930705745,'01:750:236 Electric Circuits Laboratory II','C'),(686681365,'01:750:140 Introduction to Scientific Programming','A'),(686681365,'01:198:428 Introduction to Computer Graphics','A'),(686681365,'01:750:310 Analytical Mechanics II','B'),(686681365,'01:750:203 General Physics I','A'),(686681365,'01:640:104 Introduction to Probability','B'),(686681365,'01:198:444-Topics in Computer Science','C'),(686681365,'01:119:333 Advanced Microbiolog','A'),(686681365,'01:160:439 Physical Chemistry of the Environment','A'),(686681365,'01:358:363 Fantasy Fiction','A'),(686681365,'01:160:305 Organic Chemistry','C'),(686681365,'01:359:201 Principles of Literary Study','A'),(686681365,'01:198:495 Honors Capstone 1','A'),(686681365,'01:198:323 Numerical Analysis and Computing','A'),(686681365,'01:119:338 Immunology and Serology','A'),(686681365,'01:119:307 Genetics','A'),(259013480,'01:750:233 Electric Circuits I','A'),(259013480,'01:640:452 Abstract Algebra II','C'),(259013480,'01:119:379 Animal Behavior','A'),(259013480,'01:358:358 Early Twentieth Century Fiction','A'),(259013480,'01:160:371 Inorganic Chemistry','A'),(259013480,'01:750:362 Biophysics','A'),(259013480,'01:160:329 Experimental Physical Chemistry','A'),(259013480,'01:358:316 Milton','C'),(259013480,'01:640:435 Geometry','A'),(259013480,'01:640:442 Introductory Topology II','A'),(259013480,'01:160:446 Chemical Separations','B'),(259013480,'01:640:025 Elementary Algebra','D'),(259013480,'01:160:425 Thermodynamics I','A'),(259013480,'01:119:410 Electron Microscopy','F'),(259013480,'01:640:325 Foundations of Quantum Mechanics','A'),(259013480,'01:198:444-Topics in Computer Science','A'),(259013480,'01:640:026 Intermediate Algebra','A'),(259013480,'01:198:323 Numerical Analysis and Computing','A'),(259013480,'01:119:106 Human Reproduction and Development','A'),(259013480,'01:198:334 Introduction to Imaging and Multimedia','A'),(259013480,'01:640:125 Methods of Mathematical Problem Solving','A'),(259013480,'01:119:381 Vertebrate Zoology Lab','A'),(259013480,'01:119:306 Molecular Biology Laboratory','B'),(259013480,'01:359:201 Principles of Literary Study','B'),(259013480,'01:198:310 Data Science Capstone Project ','A'),(259013480,'01:160:309 Organic Chemistry Laboratory','A'),(259013480,'01:358:372 Black Theater and Drama','B'),(259013480,'01:160:476 Bioinorganic Chemistry','B'),(259013480,'01:160:433 Chemical Application of Group Theory','B'),(502881203,'01:640:357 Topics in Applied Algebra','C'),(502881203,'01:160:308 Organic Chemistry','B'),(502881203,'01:640:432 Introduction to Differential Geometry','B'),(502881203,'01:198:310 Data Science Capstone Project ','C'),(959872717,'01:119:108 General Biology II Laboratory','D'),(959872717,'01:160:499 Introduction to Teaching Chemistry Lab','A'),(959872717,'01:640:291 Honors Calculus III','A'),(959872717,'01:358:378 Black Music and Literature','C'),(959872717,'01:160:476 Bioinorganic Chemistry','B'),(959872717,'01:750:203 General Physics I','B'),(959872717,'01:119:102 General Biology II','A'),(959872717,'01:198:205 Introduction to Discrete Structures I','A'),(959872717,'01:640:196 First and Second Year Honors Seminar','A'),(959872717,'01:119:331 General Microbiology Laboratory','B'),(959872717,'01:640:112 Precalculus II','B'),(959872717,'01:640:412 Mathematical Analysis II','C'),(959872717,'01:750:234 Electric Circuits II','D'),(959872717,'01:119:367 Plant Physiology Laboratory','A'),(959872717,'01:750:304 Introduction to Astrophysics','A'),(959872717,'01:359:347 Serial Storytelling','C'),(959872717,'01:750:140 Introduction to Scientific Programming','A'),(959872717,'01:750:420 Methods of Material Characterization','B'),(959872717,'01:160:309 Organic Chemistry Laboratory','B'),(959872717,'01:160:426 Thermodynamics II','C'),(959872717,'01:358:373 Black Novel','A'),(959872717,'01:750:464 Mathematical Physics II','B'),(959872717,'01:358:316 Milton','B'),(959872717,'01:358:361 Twentieth Century Global Literature ','B'),(959872717,'01:119:374 Vertebrate Embryology','B'),(959872717,'01:198:142 Data 101: Data Literacy','A'),(959872717,'01:640:111 Precalculus I','B'),(959872717,'01:640:350 Linear Algebra','A'),(959872717,'01:160:111 Chemistry of Drugs','A'),(959872717,'01:750:254 Mechanics II','B'),(101021610,'01:198:495 Honors Capstone 1','B'),(101021610,'01:198:324 Numerical Methods','A'),(101021610,'01:119:376 Animal Histology','C'),(701766537,'01:160:492 Seminar in Chemistry','C'),(701766537,'01:750:236 Electric Circuits Laboratory II','A'),(701766537,'01:750:351 Thermal Physics I','A'),(701766537,'01:198:352 Internet Technology','A'),(701766537,'01:358:261 Introduction to Women Writers','B'),(701766537,'01:198:493 Independent Study in Computer Science','B'),(701766537,'01:160:426 Thermodynamics II','F'),(701766537,'01:160:496 Senior Research Project: Chemistry','A'),(701766537,'01:119:480 Recombinant DNA Technology','A'),(701766537,'01:160:422 Statistical Mechanics','A'),(701766537,'01:640:107 Number and Operation for K-8 Teaching','D'),(701766537,'01:640:196 First and Second Year Honors Seminar','A'),(701766537,'01:640:123 Preparation for Calculus I','A'),(701766537,'01:640:357 Topics in Applied Algebra','A'),(701766537,'01:119:394 Community Ecology','B'),(701766537,'01:119:107 General Biology I Laboratory','B'),(701766537,'01:198:112 Data Structures','A'),(701766537,'01:160:471 Advanced Inorganic Chemistry','B'),(701766537,'01:750:430 Optical Microscopy','B'),(701766537,'01:640:454 Combinatorics','B'),(701766537,'01:358:335 Nineteenth Century Theater and Drama ','A'),(701766537,'01:198:442 Topics in Computer Science','A'),(701766537,'01:198:460 Introduction to Computational Robotics','A'),(701766537,'01:160:425 Thermodynamics I','C'),(701766537,'01:160:410 Introduction to Molecular Modeling','A'),(701766537,'01:640:251 Multivariable Calculus','B'),(496617004,'01:359:315 Allegories of Reading','B'),(496617004,'01:119:231 Clinical Aspects of Human Genetics (3)','C'),(496617004,'01:160:446 Chemical Separations','B'),(496617004,'01:198:170 Computer Application for Business','C'),(496617004,'01:119:308 Genetics Laboratory','B'),(496617004,'01:160:315 Honors Organic Chemistry','A'),(496617004,'01:750:414 Elements of Quantum Mechanics II','D'),(496617004,'01:119:344 Neurobiology I','C'),(496617004,'01:358:445 Seminar: Afro-Futurism','B'),(496617004,'01:750:496 Honors Program in Physics','A'),(496617004,'01:119:353 General Ecology Laboratory','A'),(496617004,'01:160:211 Elementary Organic Chemistry Laboratory','B'),(496617004,'01:640:250 Introductory Linear Algebra','B'),(496617004,'01:160:192 Topics in Chemistry','A'),(496617004,'01:750:304 Introduction to Astrophysics','B'),(496617004,'01:750:322 3D Printing','A'),(496617004,'01:119:360 Developmental Botany','B'),(496617004,'01:640:325 Foundations of Quantum Mechanics','A'),(496617004,'01:160:134 Introduction to Chemistry','B'),(496617004,'01:119:398 Internship in Biology','A'),(496617004,'01:119:305 Molecular Biology','A'),(712881718,'01:640:451 Abstract Algebra I','C'),(712881718,'01:750:409 Advanced Physics Laboratory','A'),(712881718,'01:198:493 Independent Study in Computer Science','A'),(712881718,'01:358:373 Black Novel','D'),(712881718,'01:198:437 Database Systems Implementation','B'),(712881718,'01:119:380 Vertebrate Zoology','A'),(712881718,'01:119:345 Neurobiology II','A'),(712881718,'01:198:170 Computer Application for Business','B'),(712881718,'01:160:324 Physical Chemistry','C'),(176560149,'01:198:142 Data 101: Data Literacy','B'),(176560149,'01:160:495 Senior Research Project: Chemistry','A'),(176560149,'01:160:316 Honors Organic Chemistry','B'),(176560149,'01:160:391 Independent Study in Chemistry','A'),(176560149,'01:359:315 Allegories of Reading','A'),(176560149,'01:160:128 Chemistry of Life','B'),(176560149,'01:750:238 Modern Physics Laboratory','A'),(176560149,'01:160:309 Organic Chemistry Laboratory','A'),(176560149,'01:160:409 Organic Chemistry of High Polymers','A'),(176560149,'01:119:399 Current Topics in Biology','B'),(176560149,'01:640:106 Mathematics of Money','A'),(176560149,'01:640:251 Multivariable Calculus','A'),(176560149,'01:160:348 Instrumental Analysis','F'),(176560149,'01:640:437 History of Mathematics','A'),(176560149,'01:119:310 Evolution','A'),(176560149,'01:119:108 General Biology II Laboratory','A'),(176560149,'01:119:110 Biology of Disease','D'),(176560149,'01:198:210 Data management for Data Science','A'),(176560149,'01:750:232 Elements of Modern Physics','D'),(176560149,'01:640:442 Introductory Topology II','C'),(176560149,'01:750:430 Optical Microscopy','C'),(176560149,'01:160:433 Chemical Application of Group Theory','A'),(176560149,'01:160:496 Senior Research Project: Chemistry','B'),(176560149,'01:198:419 Computer Security','A'),(196137057,'01:750:254 Mechanics II','C'),(196137057,'01:160:163 Honors General Chemistry','A'),(196137057,'01:119:394 Community Ecology','A'),(196137057,'01:640:115 Precalculus College Mathematics','C'),(196137057,'01:750:489 Independent Studies','A'),(196137057,'01:750:291 Mechanics of Materials','A'),(394632741,'01:750:232 Elements of Modern Physics','B'),(394632741,'01:359:201 Principles of Literary Study','B'),(394632741,'01:198:493 Independent Study in Computer Science','B'),(394632741,'01:198:445 Topics in Computer Science','A'),(394632741,'01:198:439 Introduction to Data Science','A'),(394632741,'01:160:499 Introduction to Teaching Chemistry Lab','F'),(394632741,'01:119:342 General Physiology Laboratory','B'),(394632741,'01:750:496 Honors Program in Physics','A'),(394632741,'01:358:445 Seminar: Afro-Futurism','A'),(394632741,'01:358:255 Introduction to Modern Literary Fantasy','A'),(394632741,'01:119:394 Community Ecology','A'),(394632741,'01:640:001 Computational Skills','A'),(931656829,'01:119:334 Cell Biology','F'),(931656829,'01:750:492 Research in Physics II','F'),(931656829,'01:198:111 Introduction to Computer Science','A'),(931656829,'01:119:330 General Microbiology','A'),(931656829,'01:358:337 Nineteenth Century Women Writers','B'),(931656829,'01:198:213 Software Methodology','A'),(931656829,'01:119:110 Biology of Disease','A'),(931656829,'01:358:361 Twentieth Century Global Literature ','A'),(931656829,'01:750:140 Introduction to Scientific Programming','A'),(931656829,'01:750:414 Elements of Quantum Mechanics II','A'),(931656829,'01:119:360 Developmental Botany','D'),(931656829,'01:119:342 General Physiology Laboratory','A'),(931656829,'01:750:309 Analytical Mechanics I','A'),(931656829,'01:119:102 General Biology II','A'),(931656829,'01:119:347 Pathophysiology','A'),(931656829,'01:750:234 Electric Circuits II','B'),(931656829,'01:119:341 General Physiology','B'),(931656829,'01:640:411 Mathematical Analysis I','B'),(931656829,'01:119:379 Animal Behavior','A'),(931656829,'01:750:417 Computational Physics I','A'),(931656829,'01:640:350 Linear Algebra','A'),(931656829,'01:750:418 Computational Physics II','D'),(931656829,'01:160:497 Honors Research in Chemistry','A'),(931656829,'01:119:362 Comparative Morphology of Plants','A'),(487361229,'01:119:345 Neurobiology II','A'),(487361229,'01:750:374 Energy and Environment','F'),(487361229,'01:640:373 Numerical Analysis I','B'),(487361229,'01:119:367 Plant Physiology Laboratory','A'),(487361229,'01:198:415 Compilers','A'),(487361229,'01:160:306 Organic Chemistry','A'),(487361229,'01:358:372 Black Theater and Drama','A'),(487361229,'01:640:115 Precalculus College Mathematics','C'),(487361229,'01:198:105 Great Insights in Computer Science','D'),(487361229,'01:198:310 Data Science Capstone Project ','A'),(487361229,'01:119:494 Seminar in Biology','B'),(487361229,'01:640:252 Elementary Differential Equations','B'),(487361229,'01:750:140 Introduction to Scientific Programming','D'),(487361229,'01:359:201 Principles of Literary Study','C'),(487361229,'01:640:442 Introductory Topology II','A'),(487361229,'01:198:419 Computer Security','A'),(487361229,'01:119:381 Vertebrate Zoology Lab','A'),(487361229,'01:119:378 Invertebrate Zoology','B'),(487361229,'01:119:341 General Physiology','B'),(487361229,'01:119:388 Invertebrate Zoology','F'),(487361229,'01:160:499 Introduction to Teaching Chemistry Lab','A'),(487361229,'01:119:387 Circadian Rhythms','C'),(487361229,'01:160:495 Senior Research Project: Chemistry','A'),(487361229,'01:119:410 Electron Microscopy','C'),(899755072,'01:640:292 Honors Calculus IV','A'),(899755072,'01:358:304 Medieval Literature of Dissent','F'),(899755072,'01:119:363 Plant Ecology','B'),(204199196,'01:119:362 Comparative Morphology of Plants','B'),(204199196,'01:640:437 History of Mathematics','B'),(204199196,'01:750:414 Elements of Quantum Mechanics II','A'),(204199196,'01:640:485 Introduction to Mathematical Finance','A'),(204199196,'01:358:398 The English Bible','A'),(204199196,'01:640:125 Methods of Mathematical Problem Solving','B'),(204199196,'01:119:399 Current Topics in Biology','B'),(204199196,'01:119:401 Microtechnique and its Applications','C'),(204199196,'01:640:432 Introduction to Differential Geometry','C'),(204199196,'01:160:492 Seminar in Chemistry','B'),(204199196,'01:119:310 Evolution','B'),(204199196,'01:640:312 Introduction to Real Analysis II','C'),(204199196,'01:640:110 Algebra for Middle School Teachers','C'),(204199196,'01:119:480 Recombinant DNA Technology','C'),(204199196,'01:640:112 Precalculus II','A'),(204199196,'01:640:311 Introduction to Real Analysis I','A'),(204199196,'01:198:143 Data 101: Data Literacy Hybrid Version*','A'),(204199196,'01:198:405 Seminar in Computers and Society','A'),(204199196,'01:119:341 General Physiology','B'),(204199196,'01:198:445 Topics in Computer Science','B'),(204199196,'01:198:415 Compilers','F'),(204199196,'01:640:468 Connections Seminar','A'),(204199196,'01:640:356 Theory of Numbers','A'),(204199196,'01:160:134 Introduction to Chemistry','C'),(204199196,'01:198:437 Database Systems Implementation','A'),(204199196,'01:198:431 Software Engineering','A'),(204199196,'01:750:307 Electronics','A'),(204199196,'01:750:321 Physics of Music','A'),(204199196,'01:198:461 Machine Learning Principles','B'),(204199196,'01:119:199 Exploring Careers in Biology ','C'),(873730642,'01:359:326 Literature and Psychology','B'),(873730642,'01:640:104 Introduction to Probability','B'),(873730642,'01:160:128 Chemistry of Life','A'),(873730642,'01:640:432 Introduction to Differential Geometry','A'),(873730642,'01:750:307 Electronics','A'),(873730642,'01:358:358 Early Twentieth Century Fiction','A'),(873730642,'01:119:308 Genetics Laboratory','B'),(873730642,'01:640:468 Connections Seminar','B'),(873730642,'01:358:304 Medieval Literature of Dissent','A'),(873730642,'01:359:315 Allegories of Reading','C'),(873730642,'01:750:309 Analytical Mechanics I','B'),(873730642,'01:198:206 Introduction to Discrete Structures II','A'),(873730642,'01:358:255 Introduction to Modern Literary Fantasy','A'),(873730642,'01:160:409 Organic Chemistry of High Polymers','A'),(873730642,'01:160:209 Elementary Organic Chemistry','A'),(873730642,'01:119:353 General Ecology Laboratory','A'),(873730642,'01:198:112 Data Structures','A'),(873730642,'01:160:316 Honors Organic Chemistry','C'),(873730642,'01:198:411 Computer Architecture II','A'),(873730642,'01:354:360 Film Noir','C'),(873730642,'01:750:463 Mathematical Physics I','B'),(873730642,'01:160:418 Bioorganic Mechanisms','A'),(873730642,'01:750:203 General Physics I','C'),(873730642,'01:198:442 Topics in Computer Science','B'),(873730642,'01:119:310 Evolution','A'),(873730642,'01:119:342 General Physiology Laboratory','A'),(873730642,'01:640:491 Mathematics Problem Solving Seminar','C'),(873730642,'01:160:127 Impact of Chemistry','A'),(873730642,'01:160:163 Honors General Chemistry','B'),(873730642,'01:160:329 Experimental Physical Chemistry','F'),(873730642,'01:160:497 Honors Research in Chemistry','A'),(873730642,'01:160:306 Organic Chemistry','B'),(873730642,'01:119:347 Pathophysiology','A'),(220477804,'01:358:445 Seminar: Afro-Futurism','A'),(220477804,'01:119:106 Human Reproduction and Development','C'),(220477804,'01:640:442 Introductory Topology II','A'),(220477804,'01:354:420 Seminar: Film Theory','B'),(220477804,'01:160:392 Independent Study in Chemistry','A'),(220477804,'01:198:213 Software Methodology','C'),(220477804,'01:160:309 Organic Chemistry Laboratory','B'),(220477804,'01:640:495 Selected Topics in Mathematics','B'),(220477804,'01:640:441 Introductory Topology','B'),(220477804,'01:198:493 Independent Study in Computer Science','A'),(220477804,'01:160:410 Introduction to Molecular Modeling','A'),(220477804,'01:119:342 General Physiology Laboratory','A'),(220477804,'01:198:110 Principles of Computer Science','C'),(299270225,'01:750:234 Electric Circuits II','A'),(299270225,'01:640:252 Elementary Differential Equations','B'),(299270225,'01:640:481 Mathematical Theory of Statistics','A'),(299270225,'01:640:111 Precalculus I','B'),(299270225,'01:119:307 Genetics','C'),(954980671,'01:160:425 Thermodynamics I','B'),(954980671,'01:119:110 Biology of Disease','A'),(954980671,'01:750:134 Introductory Physics Laboratory II','F'),(954980671,'01:198:214 Systems Programming','A'),(954980671,'01:198:416 Operating Systems Design','C'),(954980671,'01:119:108 General Biology II Laboratory','A'),(954980671,'01:640:110 Algebra for Middle School Teachers','A'),(954980671,'01:119:444 Molecular Diagnostics','B'),(954980671,'01:358:445 Seminar: Afrofuturism','B'),(954980671,'01:198:195 Honors Seminar in Computer Science','B'),(954980671,'01:119:102 General Biology II','A'),(954980671,'01:640:442 Introductory Topology II','D'),(396980485,'01:640:291 Honors Calculus III','A'),(396980485,'01:160:306 Organic Chemistry','A'),(396980485,'01:640:437 History of Mathematics','C'),(396980485,'01:160:192 Topics in Chemistry','B'),(396980485,'01:750:430 Optical Microscopy','B'),(396980485,'01:640:354 Linear Optimization','A'),(396980485,'01:750:489 Independent Studies','A'),(396980485,'01:119:345 Neurobiology II','B'),(396980485,'01:119:371 Evolutionary Morphology','A'),(396980485,'01:198:352 Internet Technology','B'),(396980485,'01:640:411 Mathematical Analysis I','D'),(396980485,'01:119:422 Ecology of Soil Organisms','C'),(443453679,'01:750:204 General Physics II','B'),(443453679,'01:640:461 Mathematical Logic','B'),(443453679,'01:750:140 Introduction to Scientific Programming','C'),(443453679,'01:198:111 Introduction to Computer Science','A'),(443453679,'01:640:454 Combinatorics','A'),(443453679,'01:358:255 Introduction to Modern Literary Fantasy','A'),(443453679,'01:198:495 Honors Capstone 1','A'),(443453679,'01:750:453 Physics Seminar','B'),(443453679,'01:160:329 Experimental Physical Chemistry','A'),(955912889,'01:119:345 Neurobiology II','C'),(955912889,'01:359:207 Data and Culture','A'),(955912889,'01:750:491 Research in Physics I','B'),(955912889,'01:119:422 Ecology of Soil Organisms','B'),(955912889,'01:160:310 Organic Chemistry Laboratory','B'),(955912889,'01:119:339 Immunology and Serology Laboratory','A'),(955912889,'01:198:460 Introduction to Computational Robotics','A'),(955912889,'01:198:107 Computing for Math and the Sciences','A'),(955912889,'01:160:371 Inorganic Chemistry','A'),(955912889,'01:119:306 Molecular Biology Laboratory','A'),(955912889,'01:119:374 Vertebrate Embryology','C'),(955912889,'01:160:211 Elementary Organic Chemistry Laboratory','A'),(955912889,'01:750:301 Electromagnetic Theory','A'),(955912889,'01:160:412 Advanced Organic Chemistry','A'),(955912889,'01:640:104 Introduction to Probability','A'),(955912889,'01:119:351 General Ecology','A'),(955912889,'01:198:452 Formal Languages and Automata','B'),(955912889,'01:160:309 Organic Chemistry Laboratory','C'),(955912889,'01:198:142 Data 101: Data Literacy','A'),(955912889,'01:160:329 Experimental Physical Chemistry','B'),(955912889,'01:160:433 Chemical Application of Group Theory','C'),(955912889,'01:119:399 Current Topics in Biology','B'),(955912889,'01:119:494 Seminar in Biology','A'),(955912889,'01:750:490 Independent Studies','A'),(955912889,'01:354:360 Film Noir','A'),(955912889,'01:160:324 Physical Chemistry','B'),(955912889,'01:750:362 Biophysics','A'),(955912889,'01:640:110 Algebra for Middle School Teachers','B'),(955912889,'01:358:378 Black Music and Literature','B'),(955912889,'01:358:328 Eighteenth Century Literature','A'),(955912889,'01:640:432 Introduction to Differential Geometry','A'),(497810803,'01:358:335 Nineteenth Century Theater and Drama ','B'),(497810803,'01:198:443 Topics in Computer Science','D'),(497810803,'01:640:350 Linear Algebra','B'),(497810803,'01:160:311 Organic Chemistry Laboratory','D'),(497810803,'01:750:374 Energy and Environment','B'),(497810803,'01:119:387 Circadian Rhythms','C'),(497810803,'01:160:422 Statistical Mechanics','B'),(932708377,'01:640:252 Elementary Differential Equations','A'),(932708377,'01:640:356 Theory of Numbers','A'),(932708377,'01:750:463 Mathematical Physics I','B'),(932708377,'01:358:335 Nineteenth Century Theater and Drama ','C'),(932708377,'01:640:325 Foundations of Quantum Mechanics','A'),(932708377,'01:358:314 Shakespeare: The Early Plays','B'),(932708377,'01:160:127 Impact of Chemistry','A'),(932708377,'01:750:103 Is the Universe Elegant?','B'),(932708377,'01:358:361 Twentieth Century Global Literature ','B'),(932708377,'01:640:468 Connections Seminar','A'),(932708377,'01:119:310 Evolution','C'),(932708377,'01:160:418 Bioorganic Mechanisms','B'),(932708377,'01:358:445 Seminar: Afrofuturism','A'),(932708377,'01:198:211 Computer Architecture','C'),(932708377,'01:198:461 Machine Learning Principles','A'),(932708377,'01:198:352 Internet Technology','A'),(932708377,'01:119:378 Invertebrate Zoology','B'),(932708377,'01:358:398 The English Bible','A'),(932708377,'01:750:417 Computational Physics I','A'),(932708377,'01:750:253 Mechanics I','C'),(932708377,'01:198:112 Data Structures','F'),(932708377,'01:160:163 Honors General Chemistry','B'),(932708377,'01:358:255 Introduction to Modern Literary Fantasy','B'),(932708377,'01:119:353 General Ecology Laboratory','B'),(932708377,'01:160:308 Organic Chemistry','B'),(932708377,'01:358:372 Black Theater and Drama','A'),(932708377,'01:160:192 Topics in Chemistry','A'),(932708377,'01:198:416 Operating Systems Design','B'),(932708377,'01:750:414 Elements of Quantum Mechanics II','A'),(906413383,'01:119:199 Exploring Careers in Biology ','A'),(906413383,'01:640:252 Elementary Differential Equations','B'),(906413383,'01:119:399 Current Topics in Biology','D'),(906413383,'01:640:350 Linear Algebra','F'),(906413383,'01:160:426 Thermodynamics II','D'),(906413383,'01:358:358 Early Twentieth Century Fiction','A'),(906413383,'01:160:310 Organic Chemistry Laboratory','C'),(906413383,'01:640:481 Mathematical Theory of Statistics','B'),(906413383,'01:119:338 Immunology and Serology','A'),(906413383,'01:750:491 Research in Physics I','A'),(906413383,'01:198:107 Computing for Math and the Sciences','A'),(906413383,'01:750:233 Electric Circuits I','A'),(906413383,'01:119:231 Clinical Aspects of Human Genetics (3)','A'),(906413383,'01:750:374 Energy and Environment','A'),(906413383,'01:750:307 Electronics','B'),(906413383,'01:358:361 Twentieth Century Global Literature ','A'),(906413383,'01:119:108 General Biology II Laboratory','A'),(906413383,'01:198:437 Database Systems Implementation','A'),(906413383,'01:198:411 Computer Architecture II','C'),(906413383,'01:160:309 Organic Chemistry Laboratory','B'),(906413383,'01:119:101 General Biology I','A'),(906413383,'01:119:344 Neurobiology I','F'),(158859465,'01:640:491 Mathematics Problem Solving Seminar','A'),(158859465,'01:640:026 Intermediate Algebra','A'),(158859465,'01:358:379 Black Women Writers','A'),(158859465,'01:198:462 Introduction to Deep Learning','A'),(158859465,'01:160:391 Independent Study in Chemistry','A'),(158859465,'01:119:110 Biology of Disease','A'),(158859465,'01:750:490 Independent Studies','B'),(158859465,'01:119:102 General Biology II','A'),(158859465,'01:119:106 Human Reproduction and Development','B'),(158859465,'01:160:433 Chemical Application of Group Theory','C'),(158859465,'01:750:321 Physics of Music','A'),(158859465,'01:119:308 Genetics Laboratory','B'),(158859465,'01:160:307 Organic Chemistry','A'),(158859465,'01:160:329 Experimental Physical Chemistry','F'),(158859465,'01:354:360 Film Noir','A'),(158859465,'01:750:172 Topics in Physics II','A'),(158859465,'01:358:372 Black Theater and Drama','A'),(817323493,'01:119:410 Electron Microscopy','A'),(340663467,'01:160:475 Organometallic Chemistry','A'),(340663467,'01:198:494 Independent Study in Computer Science','C'),(340663467,'01:119:306 Molecular Biology Laboratory','A'),(340663467,'01:119:371 Evolutionary Morphology','A'),(340663467,'01:354:360 Film Noir','B'),(340663467,'01:640:428 Graph Theory','A'),(340663467,'01:198:495 Honors Capstone 1','A'),(340663467,'01:198:206 Introduction to Discrete Structures II','A'),(340663467,'01:160:192 Topics in Chemistry','F'),(340663467,'01:640:107 Number and Operation for K-8 Teaching','C'),(340663467,'01:119:385 Weird Biology','C'),(340663467,'01:198:440 Introduction to Artificial Intelligence','B'),(340663467,'01:198:324 Numerical Methods','F'),(340663467,'01:198:107 Computing for Math and the Sciences','A'),(340663467,'01:119:388 Invertebrate Zoology','C'),(340663467,'01:198:103 Introduction to Computer Skills','A'),(340663467,'01:119:106 Human Reproduction and Development','C'),(611995830,'01:119:107 General Biology I Laboratory','B'),(611995830,'01:119:105 The Facts of Life','C'),(611995830,'01:119:423 Ecology of Soil Organisms Lab','A'),(611995830,'01:640:336 Dynamical Models in Biology','B'),(611995830,'01:119:344 Neurobiology I','A'),(611995830,'01:750:420 Methods of Material Characterization','A'),(446377508,'01:750:301 Electromagnetic Theory','A'),(446377508,'01:160:324 Physical Chemistry','B'),(446377508,'01:640:026 Intermediate Algebra','A'),(446377508,'01:198:419 Computer Security','A'),(446377508,'01:640:115 Precalculus College Mathematics','A'),(446377508,'01:119:379 Animal Behavior','F'),(446377508,'01:640:110 Algebra for Middle School Teachers','B'),(446377508,'01:119:347 Pathophysiology','A'),(446377508,'01:119:334 Cell Biology','A'),(446377508,'01:198:461 Machine Learning Principles','A'),(446377508,'01:750:418 Computational Physics II','A'),(446377508,'01:640:441 Introductory Topology','A'),(446377508,'01:750:362 Biophysics','B'),(285071475,'01:750:418 Computational Physics II','B'),(285071475,'01:119:423 Ecology of Soil Organisms Lab','B'),(285071475,'01:198:443 Topics in Computer Science','A'),(285071475,'01:640:348 Cryptography','B'),(285071475,'01:160:309 Organic Chemistry Laboratory','F'),(285071475,'01:160:499 Introduction to Teaching Chemistry Lab','B'),(285071475,'01:198:452 Formal Languages and Automata','A'),(285071475,'01:198:206 Introduction to Discrete Structures II','C'),(285071475,'01:119:108 General Biology II Laboratory','C'),(285071475,'01:750:132 Elements of Physics II','A'),(611004769,'01:119:107 General Biology I Laboratory','C'),(611004769,'01:119:344 Neurobiology I','F'),(980456532,'01:750:417 Computational Physics I','A'),(980456532,'01:640:300 Introduction to Mathematical Reasoning','A'),(980456532,'01:750:406 Condensed Matter and Material Physics','C'),(980456532,'01:119:110 Biology of Disease','D'),(980456532,'01:119:307 Genetics','A'),(980456532,'01:119:367 Plant Physiology Laboratory','C'),(980456532,'01:119:353 General Ecology Laboratory','D'),(980456532,'01:119:338 Immunology and Serology','B'),(980456532,'01:119:334 Cell Biology','D'),(980456532,'01:160:371 Inorganic Chemistry','C'),(980456532,'01:750:238 Modern Physics Laboratory','A'),(980456532,'01:160:426 Thermodynamics II','B'),(980456532,'01:640:373 Numerical Analysis I','A'),(980456532,'01:119:103 Biology of Cancer','A'),(980456532,'01:160:497 Honors Research in Chemistry','F'),(980456532,'01:198:142 Data 101: Data Literacy','A'),(241323893,'01:358:373 Black Novel','B'),(241323893,'01:198:334 Introduction to Imaging and Multimedia','A'),(241323893,'01:119:307 Genetics','A'),(241323893,'01:358:216 World Literatures in English','A'),(241323893,'01:198:142 Data 101: Data Literacy','F'),(241323893,'01:119:401 Microtechnique and its Applications','A'),(241323893,'01:750:414 Elements of Quantum Mechanics II','C'),(241323893,'01:750:354 Physics Computer Laboratory','A'),(241323893,'01:750:307 Electronics','A'),(241323893,'01:198:415 Compilers','A'),(241323893,'01:640:325 Foundations of Quantum Mechanics','B'),(241323893,'01:640:196 First and Second Year Honors Seminar','C'),(241323893,'01:119:345 Neurobiology II','B'),(241323893,'01:160:127 Impact of Chemistry','A'),(241323893,'01:750:352 Thermal Physics II','A'),(241323893,'01:640:485 Introduction to Mathematical Finance','A'),(241323893,'01:640:441 Introductory Topology','B'),(241323893,'01:640:251 Multivariable Calculus','A'),(241323893,'01:160:412 Advanced Organic Chemistry','A'),(241323893,'01:359:347 Serial Storytelling','A'),(241323893,'01:160:418 Bioorganic Mechanisms','B'),(241323893,'01:750:291 Mechanics of Materials','B'),(924766836,'01:160:211 Elementary Organic Chemistry Laboratory','A'),(924766836,'01:358:411 Old English Language and Literature','A'),(924766836,'01:198:214 Systems Programming','B'),(924766836,'01:160:498 Honors Research in Chemistry','C'),(924766836,'01:119:398 Internship in Biology','F'),(924766836,'01:160:111 Chemistry of Drugs','D'),(924766836,'01:160:305 Organic Chemistry','B'),(924766836,'01:160:306 Organic Chemistry','A'),(924766836,'01:750:291 Mechanics of Materials','A'),(924766836,'01:160:315 Honors Organic Chemistry','A'),(924766836,'01:640:468 Connections Seminar','A'),(924766836,'01:750:430 Optical Microscopy','B'),(924766836,'01:160:412 Advanced Organic Chemistry','C'),(924766836,'01:198:111 Introduction to Computer Science','A'),(924766836,'01:750:301 Electromagnetic Theory','B'),(924766836,'01:119:353 General Ecology Laboratory','A'),(924766836,'01:750:232 Elements of Modern Physics','C'),(924766836,'01:160:392 Independent Study in Chemistry','B'),(924766836,'01:640:356 Theory of Numbers','B'),(924766836,'01:640:454 Combinatorics','F'),(924766836,'01:750:204 General Physics II','A'),(924766836,'01:119:106 Human Reproduction and Development','A'),(924766836,'01:119:231 Clinical Aspects of Human Genetics (3)','B'),(924766836,'01:750:352 Thermal Physics II','B'),(924766836,'01:119:360 Developmental Botany','A'),(924766836,'01:119:345 Neurobiology II','D'),(924766836,'01:119:378 Invertebrate Zoology','C'),(924766836,'01:358:398 The English Bible','A'),(731455187,'01:160:459 Electroanalytic Chemistry','B'),(731455187,'01:119:367 Plant Physiology Laboratory','D'),(731455187,'01:198:110 Principles of Computer Science','B'),(731455187,'01:640:428 Graph Theory','A'),(731455187,'01:640:321 Introduction to Applied Mathematics','A'),(731455187,'01:160:316 Honors Organic Chemistry','F'),(731455187,'01:640:495 Selected Topics in Mathematics','B'),(731455187,'01:119:385 Weird Biology','B'),(731455187,'01:198:205 Introduction to Discrete Structures I','A'),(731455187,'01:750:408 Advanced Physics Laboratory','C'),(731455187,'01:119:444 Molecular Diagnostics','A'),(731455187,'01:750:406 Condensed Matter and Material Physics','A'),(731455187,'01:750:489 Independent Studies','D'),(731455187,'01:160:209 Elementary Organic Chemistry','A'),(731455187,'01:359:347 Serial Storytelling','A'),(731455187,'01:640:107 Number and Operation for K-8 Teaching','A'),(731455187,'01:119:334 Cell Biology','A'),(731455187,'01:198:494 Independent Study in Computer Science','B'),(189615751,'01:198:111 Introduction to Computer Science','B'),(189615751,'01:750:420 Methods of Material Characterization','A'),(189615751,'01:119:379 Animal Behavior','A'),(189615751,'01:640:478 Introduction to Stochastic Processes','B'),(189615751,'01:160:306 Organic Chemistry','A'),(189615751,'01:750:204 General Physics II','D'),(189615751,'01:119:422 Ecology of Soil Organisms','C'),(189615751,'01:119:307 Genetics','C'),(189615751,'01:198:428 Introduction to Computer Graphics','A'),(189615751,'01:160:209 Elementary Organic Chemistry','A'),(189615751,'01:160:163 Honors General Chemistry','B'),(189615751,'01:119:363 Plant Ecology','A'),(120352291,'01:119:231 Clinical Aspects of Human Genetics (3)','C'),(120352291,'01:750:362 Biophysics','B'),(120352291,'01:640:350 Linear Algebra','B'),(120352291,'01:160:311 Organic Chemistry Laboratory','B'),(120352291,'01:160:499 Introduction to Teaching Chemistry Lab','A'),(120352291,'01:119:306 Molecular Biology Laboratory','A'),(120352291,'01:750:495 Honors Program in Physics','A'),(120352291,'01:640:441 Introductory Topology','B'),(120352291,'01:160:163 Honors General Chemistry','A'),(120352291,'01:119:360 Developmental Botany','C'),(120352291,'01:119:363 Plant Ecology','A'),(120352291,'01:358:361 Twentieth Century Global Literature ','A'),(120352291,'01:119:376 Animal Histology','A'),(120352291,'01:160:133 Preparation for General Chemistry','A'),(120352291,'01:750:414 Elements of Quantum Mechanics II','A'),(120352291,'01:640:111 Precalculus I','A'),(120352291,'01:119:385 Weird Biology','A'),(120352291,'01:119:346 Animal Physiology','C'),(120352291,'01:358:373 Black Novel','A'),(120352291,'01:198:442 Topics in Computer Science','B'),(120352291,'01:160:498 Honors Research in Chemistry','A'),(120352291,'01:750:413 Elements of Quantum Mechanics I','A'),(120352291,'01:119:410 Electron Microscopy','C'),(120352291,'01:640:452 Abstract Algebra II','A'),(120352291,'01:119:480 Recombinant DNA Technology','A'),(120352291,'01:358:372 Black Theater and Drama','A'),(120352291,'01:198:310 Data Science Capstone Project ','B'),(120352291,'01:160:309 Organic Chemistry Laboratory','B'),(612242331,'01:750:417 Computational Physics I','A'),(612242331,'01:198:334 Introduction to Imaging and Multimedia','A'),(265356135,'01:750:172 Topics in Physics II','B'),(265356135,'01:198:211 Computer Architecture','A'),(265356135,'01:119:231 Clinical Aspects of Human Genetics (3)','B'),(265356135,'01:640:478 Introduction to Stochastic Processes','B'),(265356135,'01:750:430 Optical Microscopy','A'),(265356135,'01:160:426 Thermodynamics II','B'),(265356135,'01:358:337 Nineteenth Century Women Writers','A'),(265356135,'01:640:441 Introductory Topology','F'),(265356135,'01:640:107 Number and Operation for K-8 Teaching','A'),(265356135,'01:750:351 Thermal Physics I','B'),(265356135,'01:160:492 Seminar in Chemistry','A'),(265356135,'01:198:461 Machine Learning Principles','B'),(265356135,'01:119:363 Plant Ecology','A'),(265356135,'01:160:411 Advanced Organic Chemistry','A'),(265356135,'01:640:492 Junior-Senior Honors Seminar','B'),(265356135,'01:750:291 Mechanics of Materials','B'),(265356135,'01:119:199 Exploring Careers in Biology ','A'),(265356135,'01:160:459 Electroanalytic Chemistry','C'),(265356135,'01:750:491 Research in Physics I','B'),(265356135,'01:750:414 Elements of Quantum Mechanics II','A'),(744556809,'01:640:481 Mathematical Theory of Statistics','C'),(744556809,'01:354:360 Film Noir','B'),(744556809,'01:160:211 Elementary Organic Chemistry Laboratory','A'),(744556809,'01:750:235 Electric Circuits Laboratory I','A'),(744556809,'01:119:211 Microbiology and Its Application','B'),(744556809,'01:750:309 Analytical Mechanics I','A'),(744556809,'01:640:348 Cryptography','A'),(744556809,'01:119:341 General Physiology','B'),(744556809,'01:160:425 Thermodynamics I','F'),(744556809,'01:160:412 Advanced Organic Chemistry','A'),(744556809,'01:354:420 Seminar: Film Theory','C'),(744556809,'01:119:344 Neurobiology I','A'),(744556809,'01:198:352 Internet Technology','B'),(744556809,'01:160:192 Topics in Chemistry','A'),(744556809,'01:160:111 Chemistry of Drugs','B'),(744556809,'01:119:342 General Physiology Laboratory','B'),(744556809,'01:119:308 Genetics Laboratory','B'),(744556809,'01:640:251 Multivariable Calculus','A'),(918026674,'01:198:439 Introduction to Data Science','A'),(918026674,'01:198:105 Great Insights in Computer Science','C'),(918026674,'01:198:440 Introduction to Artificial Intelligence','B'),(918026674,'01:119:341 General Physiology','B'),(918026674,'01:198:460 Introduction to Computational Robotics','A'),(918026674,'01:119:310 Evolution','C'),(918026674,'01:160:311 Organic Chemistry Laboratory','A'),(918026674,'01:640:354 Linear Optimization','A'),(918026674,'01:640:350 Linear Algebra','B'),(918026674,'01:119:201 Basic Botany','C'),(918026674,'01:119:335 Cell Biology Laboratory','C'),(918026674,'01:640:432 Introduction to Differential Geometry','A'),(918026674,'01:198:323 Numerical Analysis and Computing','A'),(918026674,'01:119:394 Community Ecology','A'),(658495747,'01:750:304 Introduction to Astrophysics','B'),(658495747,'01:640:252 Elementary Differential Equations','B'),(658495747,'01:640:452 Abstract Algebra II','A'),(658495747,'01:119:399 Current Topics in Biology','A'),(658495747,'01:640:107 Number and Operation for K-8 Teaching','A'),(658495747,'01:750:420 Methods of Material Characterization','B'),(658495747,'01:640:300 Introduction to Mathematical Reasoning','D'),(658495747,'01:358:304 Medieval Literature of Dissent','A'),(658495747,'01:198:206 Introduction to Discrete Structures II','A'),(658495747,'01:119:371 Evolutionary Morphology','A'),(658495747,'01:160:496 Senior Research Project: Chemistry','B'),(658495747,'01:750:453 Physics Seminar','A'),(658495747,'01:198:452 Formal Languages and Automata','A'),(658495747,'01:160:348 Instrumental Analysis','B'),(658495747,'01:119:107 General Biology I Laboratory','B'),(658495747,'01:750:204 General Physics II','B'),(658495747,'01:358:445 Seminar: Afrofuturism','C'),(151562428,'01:160:128 Chemistry of Life','B'),(151562428,'01:160:211 Elementary Organic Chemistry Laboratory','D'),(151562428,'01:119:423 Ecology of Soil Organisms Lab','C'),(151562428,'01:640:491 Mathematics Problem Solving Seminar','A'),(151562428,'01:160:133 Preparation for General Chemistry','B'),(151562428,'01:640:115 Precalculus College Mathematics','F'),(151562428,'01:358:216 World Literatures in English','A'),(151562428,'01:358:445 Seminar: Afro-Futurism','B'),(151562428,'01:119:363 Plant Ecology','A'),(151562428,'01:640:110 Algebra for Middle School Teachers','A'),(151562428,'01:750:204 General Physics II','D'),(151562428,'01:750:418 Computational Physics II','A'),(151562428,'01:640:351 Introduction to Abstract Algebra I','B'),(151562428,'01:198:112 Data Structures','C'),(151562428,'01:119:330 General Microbiology','A'),(151562428,'01:750:430 Optical Microscopy','A'),(151562428,'01:198:405 Seminar in Computers and Society','B'),(151562428,'01:750:235 Electric Circuits Laboratory I','C'),(151562428,'01:359:207 Data and Culture','A'),(151562428,'01:160:209 Elementary Organic Chemistry','B'),(117089802,'01:119:341 General Physiology','A'),(117089802,'01:358:261 Introduction to Women Writers','B'),(117089802,'01:160:305 Organic Chemistry','C'),(117089802,'01:640:250 Introductory Linear Algebra','A'),(117089802,'01:750:254 Mechanics II','A'),(117089802,'01:359:201 Principles of Literary Study','D'),(117089802,'01:640:111 Precalculus I','A'),(117089802,'01:198:444-Topics in Computer Science','C'),(117089802,'01:160:111 Chemistry of Drugs','B'),(117089802,'01:750:203 General Physics I','A'),(117089802,'01:750:408 Advanced Physics Laboratory','F'),(598507855,'01:160:316 Honors Organic Chemistry','A'),(598507855,'01:359:410 Seminar: Relational Aesthetics','A'),(598507855,'01:160:127 Impact of Chemistry','A'),(598507855,'01:160:308 Organic Chemistry','A'),(598507855,'01:358:304 Medieval Literature of Dissent','F'),(598507855,'01:640:107 Number and Operation for K-8 Teaching','B'),(598507855,'01:198:452 Formal Languages and Automata','A'),(598507855,'01:750:463 Mathematical Physics I','B'),(598507855,'01:640:251 Multivariable Calculus','F'),(598507855,'01:119:347 Pathophysiology','A'),(598507855,'01:750:417 Computational Physics I','B'),(598507855,'01:119:344 Neurobiology I','A'),(598507855,'01:160:459 Electroanalytic Chemistry','B'),(598507855,'01:198:170 Computer Application for Business','A'),(598507855,'01:119:346 Animal Physiology','A'),(598507855,'01:640:325 Foundations of Quantum Mechanics','A'),(598507855,'01:198:211 Computer Architecture','F'),(598507855,'01:750:132 Elements of Physics II','B'),(598507855,'01:640:196 First and Second Year Honors Seminar','D'),(598507855,'01:198:415 Compilers','C'),(598507855,'01:640:123 Preparation for Calculus I','A'),(598507855,'01:119:211 Microbiology and Its Application','C'),(598507855,'01:358:243 Introduction to the Short Story','F'),(598507855,'01:198:107 Computing for Math and the Sciences','C'),(598507855,'01:160:409 Organic Chemistry of High Polymers','B'),(598507855,'01:198:195 Honors Seminar in Computer Science','F'),(598507855,'01:750:414 Elements of Quantum Mechanics II','B'),(598507855,'01:160:410 Introduction to Molecular Modeling','A'),(598507855,'01:119:388 Invertebrate Zoology','A'),(598507855,'01:160:371 Inorganic Chemistry','B'),(598507855,'01:119:306 Molecular Biology Laboratory','A'),(901020488,'01:358:337 Nineteenth Century Women Writers','A'),(901020488,'01:198:143 Data 101: Data Literacy Hybrid Version*','B'),(901020488,'01:119:101 General Biology I','A'),(901020488,'01:198:107 Computing for Math and the Sciences','C'),(901020488,'01:750:321 Physics of Music','A'),(901020488,'01:640:252 Elementary Differential Equations','A'),(901020488,'01:640:300 Introduction to Mathematical Reasoning','C'),(901020488,'01:750:134 Introductory Physics Laboratory II','A'),(901020488,'01:640:110 Algebra for Middle School Teachers','F'),(901020488,'01:358:304 Medieval Literature of Dissent','C'),(901020488,'01:640:350 Linear Algebra','B'),(901020488,'01:640:107 Number and Operation for K-8 Teaching','B'),(901020488,'01:119:107 General Biology I Laboratory','B'),(901020488,'01:160:422 Statistical Mechanics','C'),(901020488,'01:160:392 Independent Study in Chemistry','A'),(901020488,'01:198:452 Formal Languages and Automata','A'),(901020488,'01:119:480 Recombinant DNA Technology','B'),(901020488,'01:198:440 Introduction to Artificial Intelligence','A'),(901020488,'01:198:205 Introduction to Discrete Structures I','A'),(901020488,'01:119:305 Molecular Biology','A'),(901020488,'01:160:411 Advanced Organic Chemistry','C'),(856243535,'01:119:381 Vertebrate Zoology Lab','A'),(856243535,'01:119:331 General Microbiology Laboratory','C'),(856243535,'01:640:454 Combinatorics','A'),(856243535,'01:640:357 Topics in Applied Algebra','B'),(856243535,'01:640:435 Geometry','B'),(856243535,'01:119:367 Plant Physiology Laboratory','A'),(856243535,'01:160:163 Honors General Chemistry','B'),(856243535,'01:640:311 Introduction to Real Analysis I','F'),(856243535,'01:160:422 Statistical Mechanics','A'),(856243535,'01:358:358 Early Twentieth Century Fiction','A'),(856243535,'01:640:291 Honors Calculus III','A'),(856243535,'01:358:363 Fantasy Fiction','A'),(856243535,'01:358:398 The English Bible','A'),(856243535,'01:198:205 Introduction to Discrete Structures I','C'),(856243535,'01:198:437 Database Systems Implementation','A'),(856243535,'01:198:461 Machine Learning Principles','B'),(856243535,'01:119:105 The Facts of Life','A'),(856243535,'01:640:123 Preparation for Calculus I','B'),(856243535,'01:119:360 Developmental Botany','A'),(856243535,'01:198:411 Computer Architecture II','A'),(856243535,'01:750:491 Research in Physics I','A'),(856243535,'01:160:439 Physical Chemistry of the Environment','A'),(856243535,'01:160:412 Advanced Organic Chemistry','A'),(856243535,'01:119:362 Comparative Morphology of Plants','D'),(856243535,'01:119:231 Clinical Aspects of Human Genetics (3)','A'),(856243535,'01:119:399 Current Topics in Biology','F'),(856243535,'01:750:420 Methods of Material Characterization','A'),(856243535,'01:640:312 Introduction to Real Analysis II','A'),(856243535,'01:160:192 Topics in Chemistry','A'),(454158577,'01:160:307 Organic Chemistry','A'),(454158577,'01:198:334 Introduction to Imaging and Multimedia','D'),(454158577,'01:160:391 Independent Study in Chemistry','A'),(454158577,'01:750:253 Mechanics I','C'),(454158577,'01:119:333 Advanced Microbiolog','A'),(454158577,'01:160:111 Chemistry of Drugs','A'),(454158577,'01:119:335 Cell Biology Laboratory','F'),(454158577,'01:198:493 Independent Study in Computer Science','D'),(454158577,'01:358:363 Fantasy Fiction','A'),(454158577,'01:119:107 General Biology I Laboratory','F'),(454158577,'01:119:307 Genetics','B'),(454158577,'01:160:411 Advanced Organic Chemistry','A'),(454158577,'01:119:305 Molecular Biology','A'),(416738958,'01:119:367 Plant Physiology Laboratory','B'),(416738958,'01:358:361 Twentieth Century Global Literature ','D'),(416738958,'01:198:210 Data management for Data Science','B'),(416738958,'01:119:376 Animal Histology','B'),(416738958,'01:198:334 Introduction to Imaging and Multimedia','C'),(416738958,'01:160:392 Independent Study in Chemistry','C'),(416738958,'01:160:306 Organic Chemistry','B'),(416738958,'01:358:316 Milton','C'),(416738958,'01:119:381 Vertebrate Zoology Lab','C'),(416738958,'01:198:213 Software Methodology','A'),(416738958,'01:750:304 Introduction to Astrophysics','B'),(416738958,'01:119:342 General Physiology Laboratory','B'),(416738958,'01:119:306 Molecular Biology Laboratory','B'),(416738958,'01:359:201 Principles of Literary Study','D'),(416738958,'01:750:321 Physics of Music','B'),(416738958,'01:640:250 Introductory Linear Algebra','A'),(416738958,'01:119:374 Vertebrate Embryology','A'),(416738958,'01:119:333 Advanced Microbiolog','A'),(416738958,'01:198:142 Data 101: Data Literacy','A'),(416738958,'01:640:461 Mathematical Logic','B'),(416738958,'01:198:425 Brain-Inspired Computing','B'),(416738958,'01:640:481 Mathematical Theory of Statistics','C'),(416738958,'01:160:471 Advanced Inorganic Chemistry','D'),(557133215,'01:119:202 Understanding Environmental Problems','B'),(557133215,'01:119:335 Cell Biology Laboratory','D'),(557133215,'01:119:307 Genetics','C'),(557133215,'01:198:494 Independent Study in Computer Science','B'),(557133215,'01:119:371 Evolutionary Morphology','A'),(557133215,'01:160:392 Independent Study in Chemistry','B'),(557133215,'01:640:350 Linear Algebra','A'),(557133215,'01:160:329 Experimental Physical Chemistry','C'),(557133215,'01:640:442 Introductory Topology II','A'),(557133215,'01:160:306 Organic Chemistry','C'),(557133215,'01:359:410 Seminar: Relational Aesthetics','A'),(911599939,'01:750:322 3D Printing','D'),(911599939,'01:160:425 Thermodynamics I','B'),(911599939,'01:160:307 Organic Chemistry','B'),(911599939,'01:160:315 Honors Organic Chemistry','D'),(911599939,'01:640:300 Introduction to Mathematical Reasoning','D'),(911599939,'01:119:394 Community Ecology','A'),(911599939,'01:750:204 General Physics II','A'),(911599939,'01:640:104 Introduction to Probability','A'),(911599939,'01:750:302 Electromagnetic Waves and Optics','D'),(911599939,'01:160:163 Honors General Chemistry','A'),(911599939,'01:119:387 Circadian Rhythms','B'),(911599939,'01:640:442 Introductory Topology II','F'),(911599939,'01:750:420 Methods of Material Characterization','B'),(911599939,'01:198:142 Data 101: Data Literacy','A'),(911599939,'01:358:216 World Literatures in English','D'),(911599939,'01:119:374 Vertebrate Embryology','A'),(911599939,'01:160:498 Honors Research in Chemistry','F'),(911599939,'01:640:485 Introduction to Mathematical Finance','A'),(911599939,'01:160:496 Senior Research Project: Chemistry','D'),(911599939,'01:640:348 Cryptography','A'),(311362465,'01:160:498 Honors Research in Chemistry','A'),(311362465,'01:119:401 Microtechnique and its Applications','B'),(311362465,'01:640:348 Cryptography','A'),(311362465,'01:119:211 Microbiology and Its Application','A'),(311362465,'01:640:291 Honors Calculus III','A'),(311362465,'01:160:371 Inorganic Chemistry','A'),(311362465,'01:358:255 Introduction to Modern Literary Fantasy','A'),(311362465,'01:198:111 Introduction to Computer Science','C'),(311362465,'01:640:026 Intermediate Algebra','A'),(311362465,'01:119:379 Animal Behavior','A'),(311362465,'01:359:207 Data and Culture','D'),(311362465,'01:160:329 Experimental Physical Chemistry','A'),(311362465,'01:640:321 Introduction to Applied Mathematics','B'),(311362465,'01:198:445 Topics in Computer Science','B'),(929843251,'01:750:417 Computational Physics I','D'),(929843251,'01:358:398 The English Bible','A'),(929843251,'01:750:307 Electronics','C'),(929843251,'01:750:322 3D Printing','A'),(929843251,'01:198:431 Software Engineering','A'),(929843251,'01:750:304 Introduction to Astrophysics','B'),(929843251,'01:198:411 Computer Architecture II','A'),(929843251,'01:750:133 Introductory Physics Laboratory I','A'),(929843251,'01:198:352 Internet Technology','A'),(929843251,'01:119:342 General Physiology Laboratory','B'),(929843251,'01:750:354 Physics Computer Laboratory','A'),(929843251,'01:160:316 Honors Organic Chemistry','B'),(929843251,'01:640:432 Introduction to Differential Geometry','A'),(929843251,'01:160:498 Honors Research in Chemistry','A'),(645158273,'01:640:252 Elementary Differential Equations','F'),(645158273,'01:750:234 Electric Circuits II','C'),(645158273,'01:160:499 Introduction to Teaching Chemistry Lab','C'),(645158273,'01:358:398 The English Bible','C'),(645158273,'01:750:134 Introductory Physics Laboratory II','B'),(645158273,'01:359:201 Principles of Literary Study','D'),(380582409,'01:358:216 World Literatures in English','A'),(380582409,'01:640:435 Geometry','C'),(380582409,'01:358:378 Black Music and Literature','B'),(556911304,'01:160:348 Instrumental Analysis','D'),(556911304,'01:198:460 Introduction to Computational Robotics','A'),(556911304,'01:198:107 Computing for Math and the Sciences','A'),(556911304,'01:160:209 Elementary Organic Chemistry','A'),(556911304,'01:198:211 Computer Architecture','B'),(556911304,'01:750:418 Computational Physics II','A'),(556911304,'01:160:425 Thermodynamics I','B'),(556911304,'01:750:374 Energy and Environment','B'),(556911304,'01:354:420 Seminar: Film Theory','A'),(556911304,'01:750:235 Electric Circuits Laboratory I','A'),(556911304,'01:640:373 Numerical Analysis I','A'),(556911304,'01:119:107 General Biology I Laboratory','A'),(556911304,'01:119:480 Recombinant DNA Technology','A'),(556911304,'01:640:325 Foundations of Quantum Mechanics','D'),(556911304,'01:119:379 Animal Behavior','B'),(556911304,'01:358:360 Later Twentieth Century Literature','A'),(293250673,'01:750:140 Introduction to Scientific Programming','B'),(293250673,'01:640:461 Mathematical Logic','A'),(293250673,'01:750:291 Mechanics of Materials','A'),(293250673,'01:640:111 Precalculus I','B'),(293250673,'01:119:335 Cell Biology Laboratory','A'),(293250673,'01:160:446 Chemical Separations','C'),(293250673,'01:750:133 Introductory Physics Laboratory I','C'),(293250673,'01:750:418 Computational Physics II','C'),(293250673,'01:119:385 Weird Biology','A'),(293250673,'01:198:352 Internet Technology','A'),(293250673,'01:160:409 Organic Chemistry of High Polymers','B'),(293250673,'01:750:321 Physics of Music','A'),(293250673,'01:119:201 Basic Botany','C'),(293250673,'01:198:444-Topics in Computer Science','B'),(293250673,'01:358:314 Shakespeare: The Early Plays','B'),(293250673,'01:640:001 Computational Skills','B'),(293250673,'01:750:463 Mathematical Physics I','A'),(293250673,'01:750:489 Independent Studies','C'),(293250673,'01:198:142 Data 101: Data Literacy','A'),(293250673,'01:160:496 Senior Research Project: Chemistry','B'),(293250673,'01:119:308 Genetics Laboratory','A'),(293250673,'01:640:435 Geometry','F'),(293250673,'01:160:211 Elementary Organic Chemistry Laboratory','C'),(293250673,'01:750:304 Introduction to Astrophysics','A'),(293250673,'01:750:495 Honors Program in Physics','D'),(293250673,'01:640:025 Elementary Algebra','A'),(293250673,'01:640:300 Introduction to Mathematical Reasoning','A'),(293250673,'01:750:413 Elements of Quantum Mechanics I','C'),(293250673,'01:359:315 Allegories of Reading','B'),(293250673,'01:119:103 Biology of Cancer','A'),(293250673,'01:358:372 Black Theater and Drama','A'),(248832129,'01:119:344 Neurobiology I','A'),(248832129,'01:160:471 Advanced Inorganic Chemistry','A'),(248832129,'01:198:111 Introduction to Computer Science','F'),(248832129,'01:119:353 General Ecology Laboratory','D'),(248832129,'01:160:192 Topics in Chemistry','C'),(248832129,'01:358:445 Seminar: Afro-Futurism','A'),(248832129,'01:640:451 Abstract Algebra I','A'),(661612085,'01:198:211 Computer Architecture','C'),(661612085,'01:358:378 Black Music and Literature','A'),(661612085,'01:119:366 Plant Physiology','B'),(661612085,'01:160:307 Organic Chemistry','B'),(661612085,'01:198:493 Independent Study in Computer Science','A'),(661612085,'01:358:304 Medieval Literature of Dissent','A'),(803302097,'01:198:105 Great Insights in Computer Science','B'),(803302097,'01:119:401 Microtechnique and its Applications','C'),(803302097,'01:358:243 Introduction to the Short Story','A'),(803302097,'01:640:325 Foundations of Quantum Mechanics','D'),(803302097,'01:160:308 Organic Chemistry','C'),(803302097,'01:198:462 Introduction to Deep Learning','B'),(803302097,'01:640:300 Introduction to Mathematical Reasoning','A'),(803302097,'01:198:111 Introduction to Computer Science','A'),(803302097,'01:119:378 Invertebrate Zoology','A'),(803302097,'01:119:444 Molecular Diagnostics','A'),(803302097,'01:640:125 Methods of Mathematical Problem Solving','A'),(803302097,'01:119:306 Molecular Biology Laboratory','F'),(803302097,'01:119:342 General Physiology Laboratory','A'),(803302097,'01:198:425 Brain-Inspired Computing','B'),(803302097,'01:750:204 General Physics II','A'),(803302097,'01:640:442 Introductory Topology II','A'),(803302097,'01:750:362 Biophysics','A'),(803302097,'01:358:363 Fantasy Fiction','B'),(313809272,'01:119:388 Invertebrate Zoology','C'),(313809272,'01:750:203 General Physics I','B'),(313809272,'01:750:234 Electric Circuits II','B'),(313809272,'01:160:309 Organic Chemistry Laboratory','C'),(313809272,'01:160:433 Chemical Application of Group Theory','A'),(313809272,'01:160:471 Advanced Inorganic Chemistry','B'),(313809272,'01:119:360 Developmental Botany','B'),(313809272,'01:750:413 Elements of Quantum Mechanics I','A'),(313809272,'01:640:354 Linear Optimization','B'),(313809272,'01:640:251 Multivariable Calculus','A'),(313809272,'01:198:442 Topics in Computer Science','A'),(313809272,'01:640:336 Dynamical Models in Biology','F'),(313809272,'01:750:172 Topics in Physics II','B'),(313809272,'01:198:415 Compilers','B'),(313809272,'01:119:422 Ecology of Soil Organisms','A'),(313809272,'01:750:304 Introduction to Astrophysics','B'),(313809272,'01:358:445 Seminar: Afrofuturism','B'),(313809272,'01:119:331 General Microbiology Laboratory','A'),(313809272,'01:640:357 Topics in Applied Algebra','A'),(787607784,'01:119:307 Genetics','A'),(787607784,'01:358:358 Early Twentieth Century Fiction','B'),(787607784,'01:750:203 General Physics I','B'),(787607784,'01:640:336 Dynamical Models in Biology','C'),(787607784,'01:160:348 Instrumental Analysis','A'),(787607784,'01:119:310 Evolution','A'),(787607784,'01:119:363 Plant Ecology','B'),(787607784,'01:640:451 Abstract Algebra I','B'),(787607784,'01:358:328 Eighteenth Century Literature','B'),(787607784,'01:160:133 Preparation for General Chemistry','B'),(787607784,'01:160:425 Thermodynamics I','C'),(787607784,'01:160:329 Experimental Physical Chemistry','F'),(787607784,'01:750:409 Advanced Physics Laboratory','A'),(787607784,'01:198:411 Computer Architecture II','A'),(787607784,'01:359:207 Data and Culture','B'),(787607784,'01:640:325 Foundations of Quantum Mechanics','A'),(787607784,'01:750:254 Mechanics II','C'),(787607784,'01:750:236 Electric Circuits Laboratory II','A'),(787607784,'01:750:103 Is the Universe Elegant?','B'),(787607784,'01:160:433 Chemical Application of Group Theory','B'),(787607784,'01:119:333 Advanced Microbiolog','D'),(787607784,'01:160:392 Independent Study in Chemistry','A'),(787607784,'01:119:387 Circadian Rhythms','B'),(787607784,'01:750:496 Honors Program in Physics','A'),(787607784,'01:160:497 Honors Research in Chemistry','C'),(787607784,'01:750:132 Elements of Physics II','C'),(787607784,'01:160:309 Organic Chemistry Laboratory','C'),(787607784,'01:119:378 Invertebrate Zoology','C'),(787607784,'01:640:123 Preparation for Calculus I','D'),(787607784,'01:160:128 Chemistry of Life','C'),(818341008,'01:640:292 Honors Calculus IV','A'),(818341008,'01:160:127 Impact of Chemistry','B'),(818341008,'01:198:142 Data 101: Data Literacy','C'),(818341008,'01:119:366 Plant Physiology','C'),(818341008,'01:160:211 Elementary Organic Chemistry Laboratory','A'),(818341008,'01:640:107 Number and Operation for K-8 Teaching','A'),(818341008,'01:750:491 Research in Physics I','A'),(818341008,'01:358:445 Seminar: Afrofuturism','A'),(818341008,'01:358:358 Early Twentieth Century Fiction','A'),(818341008,'01:640:485 Introduction to Mathematical Finance','F'),(818341008,'01:160:192 Topics in Chemistry','C'),(818341008,'01:119:310 Evolution','B'),(818341008,'01:750:310 Analytical Mechanics II','A'),(818341008,'01:750:302 Electromagnetic Waves and Optics','B'),(818341008,'01:198:213 Software Methodology','B'),(818341008,'01:198:323 Numerical Analysis and Computing','A'),(818341008,'01:358:361 Twentieth Century Global Literature ','A'),(818341008,'01:119:306 Molecular Biology Laboratory','B'),(818341008,'01:160:471 Advanced Inorganic Chemistry','A'),(818341008,'01:119:360 Developmental Botany','C'),(818341008,'01:640:478 Introduction to Stochastic Processes','A'),(818341008,'01:750:132 Elements of Physics II','A'),(944616786,'01:160:192 Topics in Chemistry','A'),(944616786,'01:640:348 Cryptography','A'),(944616786,'01:750:204 General Physics II','B'),(944616786,'01:198:352 Internet Technology','B'),(944616786,'01:640:125 Methods of Mathematical Problem Solving','A'),(944616786,'01:198:170 Computer Application for Business','C'),(944616786,'01:119:231 Clinical Aspects of Human Genetics (3)','B'),(944616786,'01:198:107 Computing for Math and the Sciences','A'),(944616786,'01:160:459 Electroanalytic Chemistry','B'),(944616786,'01:160:310 Organic Chemistry Laboratory','D'),(944616786,'01:640:123 Preparation for Calculus I','A'),(944616786,'01:750:489 Independent Studies','A'),(944616786,'01:640:411 Mathematical Analysis I','A'),(944616786,'01:640:112 Precalculus II','A'),(944616786,'01:119:444 Molecular Diagnostics','A'),(944616786,'01:358:314 Shakespeare: The Early Plays','B'),(944616786,'01:119:380 Vertebrate Zoology','C'),(944616786,'01:119:344 Neurobiology I','B'),(944616786,'01:160:316 Honors Organic Chemistry','A'),(944616786,'01:160:309 Organic Chemistry Laboratory','B'),(944616786,'01:359:207 Data and Culture','B'),(944616786,'01:198:314 Principles of Programming Languages','A'),(944616786,'01:198:445 Topics in Computer Science','D'),(944616786,'01:198:462 Introduction to Deep Learning','A'),(944616786,'01:119:211 Microbiology and Its Application','B'),(944616786,'01:198:461 Machine Learning Principles','A'),(944616786,'01:640:351 Introduction to Abstract Algebra I','B'),(944616786,'01:354:360 Film Noir','A'),(944616786,'01:198:460 Introduction to Computational Robotics','A'),(944616786,'01:640:312 Introduction to Real Analysis II','B'),(944616786,'01:160:311 Organic Chemistry Laboratory','A'),(944616786,'01:160:497 Honors Research in Chemistry','A'),(348656458,'01:119:347 Pathophysiology','D'),(348656458,'01:160:422 Statistical Mechanics','A'),(348656458,'01:119:231 Clinical Aspects of Human Genetics (3)','A'),(348656458,'01:119:102 General Biology II','C'),(348656458,'01:198:431 Software Engineering','B'),(348656458,'01:750:254 Mechanics II','A'),(348656458,'01:640:292 Honors Calculus IV','F'),(348656458,'01:198:428 Introduction to Computer Graphics','B'),(348656458,'01:119:341 General Physiology','B'),(348656458,'01:198:111 Introduction to Computer Science','B'),(348656458,'01:640:350 Linear Algebra','A'),(348656458,'01:359:201 Principles of Literary Study','B'),(348656458,'01:119:307 Genetics','B'),(348656458,'01:640:468 Connections Seminar','B'),(348656458,'01:750:253 Mechanics I','A'),(348656458,'01:160:134 Introduction to Chemistry','A'),(348656458,'01:198:405 Seminar in Computers and Society','A'),(348656458,'01:640:437 History of Mathematics','B'),(348656458,'01:640:110 Algebra for Middle School Teachers','A'),(348656458,'01:198:425 Brain-Inspired Computing','A'),(348656458,'01:358:378 Black Music and Literature','B'),(348656458,'01:160:497 Honors Research in Chemistry','A'),(348656458,'01:750:408 Advanced Physics Laboratory','A'),(348656458,'01:160:446 Chemical Separations','A'),(348656458,'01:750:321 Physics of Music','A'),(348656458,'01:119:388 Invertebrate Zoology','A'),(526605464,'01:640:112 Precalculus II','F'),(526605464,'01:640:442 Introductory Topology II','F'),(526605464,'01:160:499 Introduction to Teaching Chemistry Lab','C'),(526605464,'01:358:337 Nineteenth Century Women Writers','B'),(526605464,'01:160:495 Senior Research Project: Chemistry','A'),(526605464,'01:160:391 Independent Study in Chemistry','A'),(526605464,'01:119:363 Plant Ecology','B'),(526605464,'01:160:329 Experimental Physical Chemistry','F'),(526605464,'01:198:105 Great Insights in Computer Science','A'),(526605464,'01:198:205 Introduction to Discrete Structures I','A'),(223651431,'01:160:497 Honors Research in Chemistry','A'),(223651431,'01:750:417 Computational Physics I','B'),(223651431,'01:119:231 Clinical Aspects of Human Genetics (3)','C'),(223651431,'01:160:409 Organic Chemistry of High Polymers','A'),(223651431,'01:198:111 Introduction to Computer Science','A'),(223651431,'01:119:387 Circadian Rhythms','A'),(223651431,'01:198:142 Data 101: Data Literacy','A'),(223651431,'01:640:452 Abstract Algebra II','C'),(223651431,'01:358:398 The English Bible','B'),(223651431,'01:750:322 3D Printing','B'),(223651431,'01:359:410 Seminar: Relational Aesthetics','C'),(223651431,'01:160:410 Introduction to Molecular Modeling','B'),(223651431,'01:750:132 Elements of Physics II','A'),(223651431,'01:198:205 Introduction to Discrete Structures I','C'),(223651431,'01:640:321 Introduction to Applied Mathematics','C'),(223651431,'01:750:496 Honors Program in Physics','B'),(223651431,'01:119:345 Neurobiology II','C'),(223651431,'01:750:301 Electromagnetic Theory','A'),(223651431,'01:358:243 Introduction to the Short Story','B'),(223651431,'01:640:292 Honors Calculus IV','A'),(223651431,'01:119:410 Electron Microscopy','A'),(223651431,'01:119:305 Molecular Biology','A'),(223651431,'01:750:238 Modern Physics Laboratory','F'),(223651431,'01:160:192 Topics in Chemistry','A'),(223651431,'01:198:493 Independent Study in Computer Science','C'),(223651431,'01:160:498 Honors Research in Chemistry','B'),(223651431,'01:640:111 Precalculus I','B'),(223651431,'01:198:110 Principles of Computer Science','A'),(223651431,'01:119:101 General Biology I','A'),(223651431,'01:750:236 Electric Circuits Laboratory II','C'),(223651431,'01:750:310 Analytical Mechanics II','C'),(290035890,'01:640:350 Linear Algebra','C'),(290035890,'01:160:425 Thermodynamics I','B'),(290035890,'01:640:351 Introduction to Abstract Algebra I','A'),(290035890,'01:358:255 Introduction to Modern Literary Fantasy','B'),(290035890,'01:640:437 History of Mathematics','C'),(290035890,'01:358:335 Nineteenth Century Theater and Drama ','B'),(290035890,'01:640:001 Computational Skills','A'),(290035890,'01:750:352 Thermal Physics II','A'),(290035890,'01:119:398 Internship in Biology','A'),(290035890,'01:358:411 Old English Language and Literature','A'),(290035890,'01:750:133 Introductory Physics Laboratory I','B'),(290035890,'01:358:360 Later Twentieth Century Literature','B'),(290035890,'01:119:410 Electron Microscopy','B'),(249162275,'01:119:199 Exploring Careers in Biology ','C'),(249162275,'01:119:360 Developmental Botany','A'),(249162275,'01:198:411 Computer Architecture II','A'),(249162275,'01:750:132 Elements of Physics II','B'),(249162275,'01:750:354 Physics Computer Laboratory','C'),(249162275,'01:119:388 Invertebrate Zoology','A'),(249162275,'01:750:322 3D Printing','A'),(249162275,'01:160:426 Thermodynamics II','A'),(249162275,'01:750:362 Biophysics','B'),(249162275,'01:750:234 Electric Circuits II','C'),(249162275,'01:198:142 Data 101: Data Literacy','A'),(249162275,'01:119:376 Animal Histology','A'),(249162275,'01:750:203 General Physics I','F'),(249162275,'01:358:361 Twentieth Century Global Literature','F'),(249162275,'01:750:253 Mechanics I','B'),(249162275,'01:750:413 Elements of Quantum Mechanics I','A'),(249162275,'01:750:140 Introduction to Scientific Programming','B'),(643920677,'01:119:410 Electron Microscopy','D'),(643920677,'01:160:446 Chemical Separations','A'),(643920677,'01:358:398 The English Bible','C'),(643920677,'01:640:357 Topics in Applied Algebra','A'),(643920677,'01:160:433 Chemical Application of Group Theory','D'),(643920677,'01:750:417 Computational Physics I','A'),(643920677,'01:198:324 Numerical Methods','A'),(643920677,'01:119:363 Plant Ecology','A'),(643920677,'01:160:498 Honors Research in Chemistry','B'),(643920677,'01:119:398 Internship in Biology','A'),(643920677,'01:160:412 Advanced Organic Chemistry','F'),(643920677,'01:640:292 Honors Calculus IV','B'),(643920677,'01:750:302 Electromagnetic Waves and Optics','A'),(643920677,'01:119:106 Human Reproduction and Development','A'),(643920677,'01:119:422 Ecology of Soil Organisms','C'),(643920677,'01:160:133 Preparation for General Chemistry','A'),(643920677,'01:119:401 Microtechnique and its Applications','F'),(741430954,'01:160:425 Thermodynamics I','B'),(741430954,'01:119:231 Clinical Aspects of Human Genetics (3)','B'),(741430954,'01:160:412 Advanced Organic Chemistry','B'),(741430954,'01:358:255 Introduction to Modern Literary Fantasy','F'),(741430954,'01:119:103 Biology of Cancer','A'),(741430954,'01:119:380 Vertebrate Zoology','C'),(741430954,'01:640:373 Numerical Analysis I','C'),(741430954,'01:640:252 Elementary Differential Equations','A'),(741430954,'01:160:192 Topics in Chemistry','B'),(741430954,'01:750:103 Is the Universe Elegant?','A'),(741430954,'01:198:310 Data Science Capstone Project ','C'),(741430954,'01:119:394 Community Ecology','B'),(741430954,'01:358:378 Black Music and Literature','A'),(741430954,'01:750:132 Elements of Physics II','A'),(741430954,'01:160:498 Honors Research in Chemistry','A'),(741430954,'01:640:481 Mathematical Theory of Statistics','B'),(741430954,'01:119:306 Molecular Biology Laboratory','B'),(741430954,'01:119:201 Basic Botany','A'),(741430954,'01:750:374 Energy and Environment','B'),(741430954,'01:119:363 Plant Ecology','A'),(741430954,'01:640:428 Graph Theory','A'),(741430954,'01:119:333 Advanced Microbiolog','B'),(741430954,'01:198:143 Data 101: Data Literacy Hybrid Version*','A'),(741430954,'01:640:104 Introduction to Probability','B'),(741430954,'01:750:232 Elements of Modern Physics','A'),(741430954,'01:198:112 Data Structures','B'),(741430954,'01:640:107 Number and Operation for K-8 Teaching','B'),(741430954,'01:160:371 Inorganic Chemistry','A'),(741430954,'01:750:140 Introduction to Scientific Programming','A'),(741430954,'01:119:381 Vertebrate Zoology Lab','B'),(802910856,'01:119:366 Plant Physiology','B'),(802910856,'01:160:425 Thermodynamics I','B'),(802910856,'01:119:367 Plant Physiology Laboratory','C'),(802910856,'01:640:428 Graph Theory','D'),(802910856,'01:160:134 Introduction to Chemistry','B'),(802910856,'01:160:329 Experimental Physical Chemistry','C'),(802910856,'01:119:345 Neurobiology II','A'),(802910856,'01:358:361 Twentieth Century Global Literature ','B'),(802910856,'01:640:354 Linear Optimization','B'),(802910856,'01:198:442 Topics in Computer Science','B'),(802910856,'01:640:373 Numerical Analysis I','A'),(802910856,'01:119:371 Evolutionary Morphology','A'),(675222566,'01:160:475 Organometallic Chemistry','A'),(675222566,'01:119:105 The Facts of Life','B'),(675222566,'01:198:431 Software Engineering','A'),(675222566,'01:119:338 Immunology and Serology','B'),(675222566,'01:750:322 3D Printing','B'),(675222566,'01:354:420 Seminar: Film Theory','A'),(675222566,'01:358:216 World Literatures in English','B'),(675222566,'01:640:348 Cryptography','A'),(675222566,'01:198:411 Computer Architecture II','A'),(675222566,'01:119:362 Comparative Morphology of Plants','A'),(675222566,'01:160:459 Electroanalytic Chemistry','B'),(675222566,'01:119:310 Evolution','A'),(675222566,'01:640:312 Introduction to Real Analysis II','A'),(675222566,'01:750:140 Introduction to Scientific Programming','A'),(675222566,'01:750:406 Condensed Matter and Material Physics','A'),(675222566,'01:160:128 Chemistry of Life','B'),(675222566,'01:160:499 Introduction to Teaching Chemistry Lab','B'),(675222566,'01:119:398 Internship in Biology','C'),(675222566,'01:640:356 Theory of Numbers','A'),(675222566,'01:198:439 Introduction to Data Science','A'),(675222566,'01:198:443 Topics in Computer Science','D'),(675222566,'01:198:444-Topics in Computer Science','A'),(675222566,'01:750:291 Mechanics of Materials','C'),(675222566,'01:119:381 Vertebrate Zoology Lab','B'),(675222566,'01:160:391 Independent Study in Chemistry','A'),(675222566,'01:119:367 Plant Physiology Laboratory','C'),(675222566,'01:119:342 General Physiology Laboratory','D'),(675222566,'01:160:412 Advanced Organic Chemistry','B'),(313516737,'01:750:491 Research in Physics I','A'),(313516737,'01:640:432 Introduction to Differential Geometry','A'),(313516737,'01:640:421 Advanced Calculus for Engineering','C'),(994453093,'01:358:361 Twentieth Century Global Literature ','A'),(994453093,'01:750:354 Physics Computer Laboratory','F'),(994453093,'01:119:110 Biology of Disease','A'),(994453093,'01:160:475 Organometallic Chemistry','C'),(994453093,'01:640:491 Mathematics Problem Solving Seminar','B'),(994453093,'01:750:234 Electric Circuits II','A'),(994453093,'01:640:451 Abstract Algebra I','B'),(994453093,'01:160:418 Bioorganic Mechanisms','B'),(994453093,'01:750:291 Mechanics of Materials','B'),(994453093,'01:358:337 Nineteenth Century Women Writers','A'),(994453093,'01:640:196 First and Second Year Honors Seminar','A'),(994453093,'01:359:315 Allegories of Reading','A'),(994453093,'01:119:102 General Biology II','A'),(994453093,'01:750:321 Physics of Music','A'),(994453093,'01:198:493 Independent Study in Computer Science','D'),(994453093,'01:119:330 General Microbiology','C'),(994453093,'01:640:291 Honors Calculus III','B'),(994453093,'01:358:358 Early Twentieth Century Fiction','B'),(994453093,'01:358:216 World Literatures in English','B'),(994453093,'01:640:495 Selected Topics in Mathematics','B'),(994453093,'01:640:428 Graph Theory','C'),(751857052,'01:358:328 Eighteenth Century Literature','D'),(751857052,'01:160:492 Seminar in Chemistry','B'),(751857052,'01:640:485 Introduction to Mathematical Finance','B'),(751857052,'01:119:345 Neurobiology II','B'),(208691166,'01:640:106 Mathematics of Money','A'),(208691166,'01:354:360 Film Noir','B'),(208691166,'01:750:362 Biophysics','A'),(208691166,'01:640:354 Linear Optimization','B'),(208691166,'01:119:494 Seminar in Biology','C'),(208691166,'01:640:492 Junior-Senior Honors Seminar','C'),(208691166,'01:750:132 Elements of Physics II','B'),(208691166,'01:750:354 Physics Computer Laboratory','B'),(208691166,'01:750:322 3D Printing','A'),(208691166,'01:358:373 Black Novel','A'),(208691166,'01:119:410 Electron Microscopy','D'),(208691166,'01:750:430 Optical Microscopy','A'),(208691166,'01:160:492 Seminar in Chemistry','A'),(208691166,'01:119:351 General Ecology','C'),(208691166,'01:198:105 Great Insights in Computer Science','B'),(208691166,'01:119:480 Recombinant DNA Technology','A'),(208691166,'01:640:250 Introductory Linear Algebra','B'),(208691166,'01:198:425 Brain-Inspired Computing','A'),(208691166,'01:358:243 Introduction to the Short Story','A'),(208691166,'01:640:432 Introduction to Differential Geometry','B'),(584345862,'01:119:347 Pathophysiology','A'),(584345862,'01:750:453 Physics Seminar','C'),(584345862,'01:358:316 Milton','A'),(584345862,'01:750:134 Introductory Physics Laboratory II','B'),(584345862,'01:750:414 Elements of Quantum Mechanics II','B'),(584345862,'01:198:452 Formal Languages and Automata','A'),(584345862,'01:640:495 Selected Topics in Mathematics','B'),(886828278,'01:358:378 Black Music and Literature','A'),(886828278,'01:750:234 Electric Circuits II','B'),(886828278,'01:119:378 Invertebrate Zoology','B'),(886828278,'01:198:213 Software Methodology','B'),(886828278,'01:640:373 Numerical Analysis I','A'),(886828278,'01:160:422 Statistical Mechanics','A'),(886828278,'01:640:357 Topics in Applied Algebra','A'),(886828278,'01:750:491 Research in Physics I','B'),(886828278,'01:160:418 Bioorganic Mechanisms','F'),(886828278,'01:750:463 Mathematical Physics I','A'),(886828278,'01:640:025 Elementary Algebra','A'),(886828278,'01:358:398 The English Bible','A'),(886828278,'01:750:453 Physics Seminar','B'),(886828278,'01:198:460 Introduction to Computational Robotics','B'),(886828278,'01:160:306 Organic Chemistry','D'),(886828278,'01:119:366 Plant Physiology','B'),(886828278,'01:640:442 Introductory Topology II','C'),(886828278,'01:160:316 Honors Organic Chemistry','A'),(620310351,'01:198:495 Honors Capstone 1','B'),(620310351,'01:160:410 Introduction to Molecular Modeling','B'),(620310351,'01:160:497 Honors Research in Chemistry','C'),(620310351,'01:640:437 History of Mathematics','A'),(620310351,'01:198:205 Introduction to Discrete Structures I','A'),(620310351,'01:640:495 Selected Topics in Mathematics','B'),(982338703,'01:198:416 Operating Systems Design','F'),(982338703,'01:750:140 Introduction to Scientific Programming','A'),(982338703,'01:750:103 Is the Universe Elegant?','B'),(246240359,'01:198:170 Computer Application for Business','A'),(246240359,'01:119:199 Exploring Careers in Biology ','C'),(246240359,'01:119:331 General Microbiology Laboratory','A'),(246240359,'01:160:209 Elementary Organic Chemistry','D'),(246240359,'01:160:459 Electroanalytic Chemistry','A'),(246240359,'01:119:330 General Microbiology','A'),(246240359,'01:160:134 Introduction to Chemistry','A'),(246240359,'01:640:001 Computational Skills','A'),(246240359,'01:640:311 Introduction to Real Analysis I','B'),(246240359,'01:750:236 Electric Circuits Laboratory II','B'),(246240359,'01:640:250 Introductory Linear Algebra','D'),(246240359,'01:750:322 3D Printing','B'),(246240359,'01:160:163 Honors General Chemistry','B'),(246240359,'01:119:347 Pathophysiology','C'),(246240359,'01:640:451 Abstract Algebra I','A'),(246240359,'01:119:307 Genetics','C'),(246240359,'01:119:341 General Physiology','C'),(246240359,'01:640:292 Honors Calculus IV','A'),(246240359,'01:198:493 Independent Study in Computer Science','F'),(246240359,'01:750:234 Electric Circuits II','B'),(246240359,'01:750:420 Methods of Material Characterization','A'),(246240359,'01:640:125 Methods of Mathematical Problem Solving','B'),(246240359,'01:198:210 Data management for Data Science','B'),(246240359,'01:119:344 Neurobiology I','A'),(246240359,'01:750:132 Elements of Physics II','B'),(246240359,'01:640:312 Introduction to Real Analysis II','A'),(246240359,'01:198:352 Internet Technology','B'),(246240359,'01:119:308 Genetics Laboratory','B'),(246240359,'01:750:491 Research in Physics I','A'),(246240359,'01:640:025 Elementary Algebra','A'),(246240359,'01:119:105 The Facts of Life','B'),(878705397,'01:119:338 Immunology and Serology','A'),(878705397,'01:119:376 Animal Histology','B'),(878705397,'01:750:352 Thermal Physics II','B'),(878705397,'01:160:308 Organic Chemistry','A'),(878705397,'01:358:314 Shakespeare: The Early Plays','B'),(878705397,'01:198:452 Formal Languages and Automata','A'),(878705397,'01:160:211 Elementary Organic Chemistry Laboratory','A'),(878705397,'01:358:379 Black Women Writers','B'),(878705397,'01:160:323 Physical Chemistry','A'),(878705397,'01:750:453 Physics Seminar','A'),(878705397,'01:640:356 Theory of Numbers','B'),(878705397,'01:358:316 Milton','B'),(878705397,'01:359:201 Principles of Literary Study','B'),(878705397,'01:160:426 Thermodynamics II','B'),(878705397,'01:640:115 Precalculus College Mathematics','A'),(878705397,'01:358:372 Black Theater and Drama','A'),(878705397,'01:119:494 Seminar in Biology','B'),(878705397,'01:160:134 Introduction to Chemistry','A'),(878705397,'01:160:127 Impact of Chemistry','A'),(878705397,'01:640:250 Introductory Linear Algebra','A'),(878705397,'01:119:339 Immunology and Serology Laboratory','A'),(878705397,'01:119:388 Invertebrate Zoology','A'),(878705397,'01:160:329 Experimental Physical Chemistry','A'),(878705397,'01:119:422 Ecology of Soil Organisms','A'),(878705397,'01:119:379 Animal Behavior','B'),(878705397,'01:160:309 Organic Chemistry Laboratory','F'),(878705397,'01:119:444 Molecular Diagnostics','B'),(878705397,'01:358:335 Nineteenth Century Theater and Drama ','D'),(878705397,'01:640:495 Selected Topics in Mathematics','B'),(878705397,'01:358:378 Black Music and Literature','B'),(878705397,'01:750:418 Computational Physics II','A'),(878705397,'01:640:348 Cryptography','A'),(878705397,'01:198:437 Database Systems Implementation','F'),(878705397,'01:119:398 Internship in Biology','A'),(517941151,'01:640:001 Computational Skills','A'),(517941151,'01:160:499 Introduction to Teaching Chemistry Lab','A'),(517941151,'01:358:379 Black Women Writers','A'),(517941151,'01:198:352 Internet Technology','A'),(517941151,'01:160:392 Independent Study in Chemistry','A'),(517941151,'01:160:410 Introduction to Molecular Modeling','C'),(517941151,'01:198:493 Independent Study in Computer Science','A'),(517941151,'01:640:250 Introductory Linear Algebra','A'),(517941151,'01:359:315 Allegories of Reading','A'),(517941151,'01:119:101 General Biology I','B'),(517941151,'01:119:105 The Facts of Life','A'),(517941151,'01:160:476 Bioinorganic Chemistry','A'),(517941151,'01:119:307 Genetics','A'),(517941151,'01:160:127 Impact of Chemistry','A'),(517941151,'01:160:422 Statistical Mechanics','C'),(517941151,'01:198:444-Topics in Computer Science','A'),(517941151,'01:750:489 Independent Studies','C'),(517941151,'01:198:440 Introduction to Artificial Intelligence','A'),(517941151,'01:119:202 Understanding Environmental Problems','B'),(517941151,'01:640:350 Linear Algebra','B'),(517941151,'01:750:133 Introductory Physics Laboratory I','A'),(517941151,'01:358:335 Nineteenth Century Theater and Drama ','A'),(517941151,'01:160:329 Experimental Physical Chemistry','A'),(517941151,'01:119:107 General Biology I Laboratory','A'),(517941151,'01:198:405 Seminar in Computers and Society','A'),(517941151,'01:640:454 Combinatorics','B'),(517941151,'01:750:238 Modern Physics Laboratory','A'),(166631910,'01:198:143 Data 101: Data Literacy Hybrid Version*','C'),(166631910,'01:160:306 Organic Chemistry','B'),(166631910,'01:640:111 Precalculus I','D'),(166631910,'01:750:234 Electric Circuits II','B'),(166631910,'01:358:328 Eighteenth Century Literature','A'),(166631910,'01:354:420 Seminar: Film Theory','A'),(166631910,'01:119:360 Developmental Botany','A'),(166631910,'01:640:292 Honors Calculus IV','B'),(166631910,'01:160:371 Inorganic Chemistry','A'),(121011828,'01:640:492 Junior-Senior Honors Seminar','C'),(121011828,'01:119:231 Clinical Aspects of Human Genetics (3)','B'),(121011828,'01:640:251 Multivariable Calculus','D'),(121011828,'01:640:454 Combinatorics','A'),(121011828,'01:119:106 Human Reproduction and Development','A'),(121011828,'01:198:103 Introduction to Computer Skills','C'),(121011828,'01:640:311 Introduction to Real Analysis I','C'),(121011828,'01:198:425 Brain-Inspired Computing','B'),(121011828,'01:640:250 Introductory Linear Algebra','A'),(121011828,'01:160:306 Organic Chemistry','A'),(121011828,'01:358:411 Old English Language and Literature','A'),(121011828,'01:119:342 General Physiology Laboratory','B'),(121011828,'01:160:492 Seminar in Chemistry','C'),(121011828,'01:198:419 Computer Security','A'),(121011828,'01:119:102 General Biology II','A'),(121011828,'01:160:371 Inorganic Chemistry','A'),(121011828,'01:198:213 Software Methodology','A'),(121011828,'01:160:310 Organic Chemistry Laboratory','B'),(121011828,'01:119:362 Comparative Morphology of Plants','B'),(121011828,'01:160:459 Electroanalytic Chemistry','A'),(121011828,'01:160:127 Impact of Chemistry','B'),(121011828,'01:160:475 Organometallic Chemistry','A'),(121011828,'01:640:125 Methods of Mathematical Problem Solving','A'),(121011828,'01:750:172 Topics in Physics II','B'),(121011828,'01:119:376 Animal Histology','B'),(121011828,'01:750:235 Electric Circuits Laboratory I','A'),(121011828,'01:198:214 Systems Programming','F'),(121011828,'01:750:310 Analytical Mechanics II','B'),(121011828,'01:640:312 Introduction to Real Analysis II','B'),(121011828,'01:640:435 Geometry','B'),(585080006,'01:160:422 Statistical Mechanics','C'),(585080006,'01:750:495 Honors Program in Physics','C'),(585080006,'01:640:354 Linear Optimization','B'),(585080006,'01:198:496 Honors Capstone 2','D'),(585080006,'01:119:399 Current Topics in Biology','B'),(585080006,'01:160:209 Elementary Organic Chemistry','A'),(585080006,'01:750:354 Physics Computer Laboratory','A'),(585080006,'01:198:213 Software Methodology','A'),(585080006,'01:750:453 Physics Seminar','C'),(585080006,'01:198:437 Database Systems Implementation','A'),(585080006,'01:640:356 Theory of Numbers','F'),(585080006,'01:750:408 Advanced Physics Laboratory','F'),(585080006,'01:160:315 Honors Organic Chemistry','A'),(585080006,'01:640:477 Mathematical Theory of Probability','C'),(585080006,'01:119:401 Microtechnique and its Applications','B'),(585080006,'01:359:207 Data and Culture','C'),(585080006,'01:119:330 General Microbiology','B'),(585080006,'01:750:430 Optical Microscopy','F'),(585080006,'01:358:216 World Literatures in English','B'),(585080006,'01:640:481 Mathematical Theory of Statistics','A'),(585080006,'01:750:302 Electromagnetic Waves and Optics','C'),(585080006,'01:198:314 Principles of Programming Languages','A'),(585080006,'01:358:445 Seminar: Afro-Futurism','B'),(585080006,'01:640:357 Topics in Applied Algebra','A'),(585080006,'01:198:443 Topics in Computer Science','A'),(585080006,'01:640:451 Abstract Algebra I','C'),(585080006,'01:160:324 Physical Chemistry','F'),(280782248,'01:750:408 Advanced Physics Laboratory','C'),(280782248,'01:198:461 Machine Learning Principles','B'),(280782248,'01:160:163 Honors General Chemistry','F');
/*!40000 ALTER TABLE `hastaken` ENABLE KEYS */;
UNLOCK TABLES;

--
-- Table structure for table `istaking`
--

DROP TABLE IF EXISTS `istaking`;
/*!40101 SET @saved_cs_client     = @@character_set_client */;
/*!50503 SET character_set_client = utf8mb4 */;
CREATE TABLE `istaking` (
  `sid` int DEFAULT NULL,
  `name` varchar(50) DEFAULT NULL,
  KEY `sid` (`sid`),
  KEY `name` (`name`),
  CONSTRAINT `istaking_ibfk_1` FOREIGN KEY (`sid`) REFERENCES `students` (`id`),
  CONSTRAINT `istaking_ibfk_2` FOREIGN KEY (`name`) REFERENCES `classes` (`name`)
) ENGINE=InnoDB DEFAULT CHARSET=utf8mb4 COLLATE=utf8mb4_0900_ai_ci;
/*!40101 SET character_set_client = @saved_cs_client */;

--
-- Dumping data for table `istaking`
--

LOCK TABLES `istaking` WRITE;
/*!40000 ALTER TABLE `istaking` DISABLE KEYS */;
INSERT INTO `istaking` VALUES (134304142,'01:198:428 Introduction to Computer Graphics'),(134304142,'01:640:361 Set Theory'),(134304142,'01:160:127 Impact of Chemistry'),(134304142,'01:640:196 First and Second Year Honors Seminar'),(242601337,'01:750:374 Energy and Environment'),(242601337,'01:198:431 Software Engineering'),(242601337,'01:358:373 Black Novel'),(242601337,'01:640:478 Introduction to Stochastic Processes'),(349264939,'01:358:373 Black Novel'),(349264939,'01:160:433 Chemical Application of Group Theory'),(349264939,'01:358:337 Nineteenth Century Women Writers'),(349264939,'01:198:103 Introduction to Computer Skills'),(349264939,'01:119:338 Immunology and Serology'),(898944068,'01:119:345 Neurobiology II'),(898944068,'01:119:376 Animal Histology'),(898944068,'01:119:342 General Physiology Laboratory'),(898944068,'01:160:410 Introduction to Molecular Modeling'),(136795005,'01:198:416 Operating Systems Design'),(136795005,'01:640:357 Topics in Applied Algebra'),(136795005,'01:750:420 Methods of Material Characterization'),(136795005,'01:640:412 Mathematical Analysis II'),(648138420,'01:750:417 Computational Physics I'),(648138420,'01:640:442 Introductory Topology II'),(648138420,'01:359:347 Serial Storytelling'),(648138420,'01:119:363 Plant Ecology'),(492414355,'01:358:372 Black Theater and Drama'),(492414355,'01:119:399 Current Topics in Biology'),(492414355,'01:119:201 Basic Botany'),(492414355,'01:160:495 Senior Research Project: Chemistry'),(492414355,'01:750:304 Introduction to Astrophysics'),(930705745,'01:640:357 Topics in Applied Algebra'),(930705745,'01:160:392 Independent Study in Chemistry'),(930705745,'01:750:307 Electronics'),(930705745,'01:160:425 Thermodynamics I'),(686681365,'01:750:354 Physics Computer Laboratory'),(686681365,'01:640:107 Number and Operation for K-8 Teaching'),(686681365,'01:358:445 Seminar: Afrofuturism'),(686681365,'01:160:411 Advanced Organic Chemistry'),(686681365,'01:119:444 Molecular Diagnostics'),(259013480,'01:640:412 Mathematical Analysis II'),(259013480,'01:160:426 Thermodynamics II'),(259013480,'01:198:205 Introduction to Discrete Structures I'),(259013480,'01:750:291 Mechanics of Materials'),(259013480,'01:750:351 Thermal Physics I'),(502881203,'01:119:398 Internship in Biology'),(502881203,'01:640:478 Introduction to Stochastic Processes'),(502881203,'01:750:307 Electronics'),(502881203,'01:358:378 Black Music and Literature'),(502881203,'01:198:314 Principles of Programming Languages'),(959872717,'01:640:123 Preparation for Calculus I'),(959872717,'01:119:388 Invertebrate Zoology'),(959872717,'01:160:348 Instrumental Analysis'),(959872717,'01:119:101 General Biology I'),(959872717,'01:358:358 Early Twentieth Century Fiction'),(101021610,'01:198:496 Honors Capstone 2'),(101021610,'01:640:291 Honors Calculus III'),(101021610,'01:750:489 Independent Studies'),(101021610,'01:119:107 General Biology I Laboratory'),(101021610,'01:198:112 Data Structures'),(701766537,'01:119:346 Animal Physiology'),(701766537,'01:750:203 General Physics I'),(701766537,'01:750:492 Research in Physics II'),(701766537,'01:640:336 Dynamical Models in Biology'),(496617004,'01:198:442 Topics in Computer Science'),(496617004,'01:119:331 General Microbiology Laboratory'),(496617004,'01:640:411 Mathematical Analysis I'),(496617004,'01:358:261 Introduction to Women Writers'),(496617004,'01:358:335 Nineteenth Century Theater and Drama '),(712881718,'01:640:196 First and Second Year Honors Seminar'),(712881718,'01:160:127 Impact of Chemistry'),(712881718,'01:160:348 Instrumental Analysis'),(712881718,'01:640:312 Introduction to Real Analysis II'),(176560149,'01:750:301 Electromagnetic Theory'),(176560149,'01:640:110 Algebra for Middle School Teachers'),(176560149,'01:119:347 Pathophysiology'),(176560149,'01:198:211 Computer Architecture'),(176560149,'01:640:196 First and Second Year Honors Seminar'),(196137057,'01:119:107 General Biology I Laboratory'),(196137057,'01:750:302 Electromagnetic Waves and Optics'),(196137057,'01:160:410 Introduction to Molecular Modeling'),(196137057,'01:198:103 Introduction to Computer Skills'),(394632741,'01:160:412 Advanced Organic Chemistry'),(394632741,'01:160:496 Senior Research Project: Chemistry'),(394632741,'01:640:492 Junior-Senior Honors Seminar'),(394632741,'01:119:351 General Ecology'),(931656829,'01:198:442 Topics in Computer Science'),(931656829,'01:750:233 Electric Circuits I'),(931656829,'01:640:107 Number and Operation for K-8 Teaching'),(931656829,'01:160:307 Organic Chemistry'),(931656829,'01:358:445 Seminar: Afrofuturism'),(487361229,'01:198:206 Introduction to Discrete Structures II'),(487361229,'01:160:497 Honors Research in Chemistry'),(487361229,'01:119:423 Ecology of Soil Organisms Lab'),(487361229,'01:358:255 Introduction to Modern Literary Fantasy'),(899755072,'01:750:140 Introduction to Scientific Programming'),(899755072,'01:358:337 Nineteenth Century Women Writers'),(899755072,'01:160:163 Honors General Chemistry'),(899755072,'01:119:422 Ecology of Soil Organisms'),(899755072,'01:119:334 Cell Biology'),(204199196,'01:640:300 Introduction to Mathematical Reasoning'),(204199196,'01:119:342 General Physiology Laboratory'),(204199196,'01:119:106 Human Reproduction and Development'),(204199196,'01:160:422 Statistical Mechanics'),(873730642,'01:198:419 Computer Security'),(873730642,'01:750:172 Topics in Physics II'),(873730642,'01:640:292 Honors Calculus IV'),(873730642,'01:640:350 Linear Algebra'),(873730642,'01:750:254 Mechanics II'),(220477804,'01:358:363 Fantasy Fiction'),(220477804,'01:119:378 Invertebrate Zoology'),(220477804,'01:198:310 Data Science Capstone Project '),(220477804,'01:160:412 Advanced Organic Chemistry'),(220477804,'01:640:421 Advanced Calculus for Engineering'),(299270225,'01:750:408 Advanced Physics Laboratory'),(299270225,'01:358:445 Seminar: Afro-Futurism'),(299270225,'01:640:350 Linear Algebra'),(299270225,'01:640:461 Mathematical Logic'),(299270225,'01:358:316 Milton'),(954980671,'01:119:342 General Physiology Laboratory'),(954980671,'01:198:419 Computer Security'),(954980671,'01:119:103 Biology of Cancer'),(954980671,'01:750:453 Physics Seminar'),(954980671,'01:198:112 Data Structures'),(610827534,'01:640:312 Introduction to Real Analysis II'),(610827534,'01:750:408 Advanced Physics Laboratory'),(610827534,'01:640:373 Numerical Analysis I'),(610827534,'01:160:439 Physical Chemistry of the Environment'),(610827534,'01:160:329 Experimental Physical Chemistry'),(396980485,'01:750:302 Electromagnetic Waves and Optics'),(396980485,'01:160:495 Senior Research Project: Chemistry'),(396980485,'01:640:432 Introduction to Differential Geometry'),(396980485,'01:358:378 Black Music and Literature'),(443453679,'01:119:422 Ecology of Soil Organisms'),(443453679,'01:119:331 General Microbiology Laboratory'),(443453679,'01:160:446 Chemical Separations'),(443453679,'01:119:379 Animal Behavior'),(955912889,'01:358:361 Twentieth Century Global Literature'),(955912889,'01:160:422 Statistical Mechanics'),(955912889,'01:119:199 Exploring Careers in Biology '),(955912889,'01:119:333 Advanced Microbiolog'),(955912889,'01:119:378 Invertebrate Zoology'),(497810803,'01:198:425 Brain-Inspired Computing'),(497810803,'01:198:495 Honors Capstone 1'),(497810803,'01:358:378 Black Music and Literature'),(497810803,'01:640:196 First and Second Year Honors Seminar'),(497810803,'01:750:321 Physics of Music'),(932708377,'01:198:324 Numerical Methods'),(932708377,'01:750:203 General Physics I'),(932708377,'01:750:490 Independent Studies'),(932708377,'01:119:387 Circadian Rhythms'),(906413383,'01:750:291 Mechanics of Materials'),(906413383,'01:160:410 Introduction to Molecular Modeling'),(906413383,'01:640:356 Theory of Numbers'),(906413383,'01:358:372 Black Theater and Drama'),(906413383,'01:198:323 Numerical Analysis and Computing'),(158859465,'01:198:496 Honors Capstone 2'),(158859465,'01:750:453 Physics Seminar'),(158859465,'01:640:421 Advanced Calculus for Engineering'),(158859465,'01:119:107 General Biology I Laboratory'),(158859465,'01:119:103 Biology of Cancer'),(817323493,'01:119:366 Plant Physiology'),(817323493,'01:358:411 Old English Language and Literature'),(817323493,'01:358:372 Black Theater and Drama'),(817323493,'01:198:314 Principles of Programming Languages'),(340663467,'01:750:204 General Physics II'),(340663467,'01:160:315 Honors Organic Chemistry'),(340663467,'01:119:199 Exploring Careers in Biology '),(340663467,'01:750:374 Energy and Environment'),(340663467,'01:358:379 Black Women Writers'),(611995830,'01:119:310 Evolution'),(611995830,'01:119:308 Genetics Laboratory'),(611995830,'01:119:305 Molecular Biology'),(611995830,'01:640:435 Geometry'),(611995830,'01:198:405 Seminar in Computers and Society'),(446377508,'01:640:250 Introductory Linear Algebra'),(446377508,'01:198:205 Introduction to Discrete Structures I'),(446377508,'01:119:108 General Biology II Laboratory'),(446377508,'01:119:401 Microtechnique and its Applications'),(285071475,'01:750:417 Computational Physics I'),(285071475,'01:160:316 Honors Organic Chemistry'),(285071475,'01:640:106 Mathematics of Money'),(285071475,'01:198:211 Computer Architecture'),(285071475,'01:640:110 Algebra for Middle School Teachers'),(611004769,'01:119:379 Animal Behavior'),(611004769,'01:198:210 Data management for Data Science'),(611004769,'01:160:305 Organic Chemistry'),(611004769,'01:358:314 Shakespeare: The Early Plays'),(611004769,'01:160:422 Statistical Mechanics'),(980456532,'01:160:409 Organic Chemistry of High Polymers'),(980456532,'01:640:442 Introductory Topology II'),(980456532,'01:198:105 Great Insights in Computer Science'),(980456532,'01:198:493 Independent Study in Computer Science'),(980456532,'01:198:352 Internet Technology'),(241323893,'01:750:132 Elements of Physics II'),(241323893,'01:640:350 Linear Algebra'),(241323893,'01:358:335 Nineteenth Century Theater and Drama '),(241323893,'01:640:454 Combinatorics'),(241323893,'01:119:423 Ecology of Soil Organisms Lab'),(924766836,'01:119:211 Microbiology and Its Application'),(924766836,'01:119:422 Ecology of Soil Organisms'),(924766836,'01:750:409 Advanced Physics Laboratory'),(924766836,'01:358:378 Black Music and Literature'),(924766836,'01:198:195 Honors Seminar in Computer Science'),(731455187,'01:750:362 Biophysics'),(731455187,'01:160:192 Topics in Chemistry'),(731455187,'01:640:491 Mathematics Problem Solving Seminar'),(731455187,'01:358:378 Black Music and Literature'),(731455187,'01:160:128 Chemistry of Life'),(189615751,'01:119:102 General Biology II'),(189615751,'01:750:236 Electric Circuits Laboratory II'),(189615751,'01:160:411 Advanced Organic Chemistry'),(189615751,'01:198:107 Computing for Math and the Sciences'),(189615751,'01:119:388 Invertebrate Zoology'),(120352291,'01:750:236 Electric Circuits Laboratory II'),(120352291,'01:640:432 Introduction to Differential Geometry'),(120352291,'01:640:411 Mathematical Analysis I'),(120352291,'01:750:254 Mechanics II'),(612242331,'01:750:374 Energy and Environment'),(612242331,'01:160:316 Honors Organic Chemistry'),(612242331,'01:750:430 Optical Microscopy'),(612242331,'01:119:398 Internship in Biology'),(265356135,'01:640:104 Introduction to Probability'),(265356135,'01:640:001 Computational Skills'),(265356135,'01:640:357 Topics in Applied Algebra'),(265356135,'01:750:490 Independent Studies'),(265356135,'01:750:302 Electromagnetic Waves and Optics'),(744556809,'01:358:304 Medieval Literature of Dissent'),(744556809,'01:160:329 Experimental Physical Chemistry'),(744556809,'01:640:356 Theory of Numbers'),(744556809,'01:160:411 Advanced Organic Chemistry'),(918026674,'01:358:379 Black Women Writers'),(918026674,'01:358:216 World Literatures in English'),(918026674,'01:640:373 Numerical Analysis I'),(918026674,'01:198:443 Topics in Computer Science'),(918026674,'01:198:416 Operating Systems Design'),(658495747,'01:198:443 Topics in Computer Science'),(658495747,'01:750:310 Analytical Mechanics II'),(658495747,'01:160:134 Introduction to Chemistry'),(658495747,'01:750:492 Research in Physics II'),(151562428,'01:359:347 Serial Storytelling'),(151562428,'01:750:351 Thermal Physics I'),(151562428,'01:160:475 Organometallic Chemistry'),(151562428,'01:198:495 Honors Capstone 1'),(151562428,'01:750:409 Advanced Physics Laboratory'),(117089802,'01:160:475 Organometallic Chemistry'),(117089802,'01:160:476 Bioinorganic Chemistry'),(117089802,'01:640:104 Introduction to Probability'),(117089802,'01:160:209 Elementary Organic Chemistry'),(598507855,'01:160:128 Chemistry of Life'),(598507855,'01:640:351 Introduction to Abstract Algebra I'),(598507855,'01:640:291 Honors Calculus III'),(598507855,'01:750:496 Honors Program in Physics'),(901020488,'01:358:243 Introduction to the Short Story'),(901020488,'01:160:306 Organic Chemistry'),(901020488,'01:160:418 Bioorganic Mechanisms'),(901020488,'01:640:478 Introduction to Stochastic Processes'),(856243535,'01:119:388 Invertebrate Zoology'),(856243535,'01:198:352 Internet Technology'),(856243535,'01:358:379 Black Women Writers'),(856243535,'01:640:356 Theory of Numbers'),(454158577,'01:358:372 Black Theater and Drama'),(454158577,'01:160:498 Honors Research in Chemistry'),(454158577,'01:160:459 Electroanalytic Chemistry'),(454158577,'01:119:310 Evolution'),(416738958,'01:198:105 Great Insights in Computer Science'),(416738958,'01:750:134 Introductory Physics Laboratory II'),(416738958,'01:640:111 Precalculus I'),(416738958,'01:198:195 Honors Seminar in Computer Science'),(557133215,'01:119:339 Immunology and Serology Laboratory'),(557133215,'01:160:324 Physical Chemistry'),(557133215,'01:160:348 Instrumental Analysis'),(557133215,'01:198:213 Software Methodology'),(911599939,'01:160:133 Preparation for General Chemistry'),(911599939,'01:358:445 Seminar: Afro-Futurism'),(911599939,'01:640:432 Introduction to Differential Geometry'),(911599939,'01:198:461 Machine Learning Principles'),(911599939,'01:119:353 General Ecology Laboratory'),(311362465,'01:119:399 Current Topics in Biology'),(311362465,'01:160:309 Organic Chemistry Laboratory'),(311362465,'01:358:411 Old English Language and Literature'),(311362465,'01:198:411 Computer Architecture II'),(311362465,'01:198:444-Topics in Computer Science'),(929843251,'01:750:430 Optical Microscopy'),(929843251,'01:160:209 Elementary Organic Chemistry'),(929843251,'01:640:123 Preparation for Calculus I'),(929843251,'01:119:339 Immunology and Serology Laboratory'),(929843251,'01:750:309 Analytical Mechanics I'),(645158273,'01:119:363 Plant Ecology'),(645158273,'01:198:495 Honors Capstone 1'),(645158273,'01:750:495 Honors Program in Physics'),(645158273,'01:640:025 Elementary Algebra'),(380582409,'01:358:373 Black Novel'),(380582409,'01:119:480 Recombinant DNA Technology'),(380582409,'01:358:445 Seminar: Afro-Futurism'),(380582409,'01:160:439 Physical Chemistry of the Environment'),(380582409,'01:640:107 Number and Operation for K-8 Teaching'),(556911304,'01:198:419 Computer Security'),(556911304,'01:359:207 Data and Culture'),(556911304,'01:119:351 General Ecology'),(556911304,'01:640:477 Mathematical Theory of Probability'),(556911304,'01:119:199 Exploring Careers in Biology '),(293250673,'01:358:358 Early Twentieth Century Fiction'),(293250673,'01:198:143 Data 101: Data Literacy Hybrid Version*'),(293250673,'01:119:110 Biology of Disease'),(293250673,'01:358:398 The English Bible'),(248832129,'01:198:105 Great Insights in Computer Science'),(248832129,'01:119:422 Ecology of Soil Organisms'),(248832129,'01:160:411 Advanced Organic Chemistry'),(248832129,'01:640:452 Abstract Algebra II'),(661612085,'01:640:311 Introduction to Real Analysis I'),(661612085,'01:119:201 Basic Botany'),(661612085,'01:640:442 Introductory Topology II'),(661612085,'01:119:494 Seminar in Biology'),(661612085,'01:359:201 Principles of Literary Study'),(803302097,'01:640:361 Set Theory'),(803302097,'01:119:371 Evolutionary Morphology'),(803302097,'01:160:391 Independent Study in Chemistry'),(803302097,'01:640:336 Dynamical Models in Biology'),(803302097,'01:119:423 Ecology of Soil Organisms Lab'),(313809272,'01:160:306 Organic Chemistry'),(313809272,'01:640:361 Set Theory'),(313809272,'01:198:205 Introduction to Discrete Structures I'),(313809272,'01:750:302 Electromagnetic Waves and Optics'),(787607784,'01:119:102 General Biology II'),(787607784,'01:640:435 Geometry'),(787607784,'01:640:026 Intermediate Algebra'),(787607784,'01:640:481 Mathematical Theory of Statistics'),(818341008,'01:119:362 Comparative Morphology of Plants'),(818341008,'01:750:362 Biophysics'),(818341008,'01:119:110 Biology of Disease'),(818341008,'01:354:420 Seminar: Film Theory'),(944616786,'01:198:103 Introduction to Computer Skills'),(944616786,'01:358:261 Introduction to Women Writers'),(944616786,'01:198:205 Introduction to Discrete Structures I'),(944616786,'01:198:495 Honors Capstone 1'),(148292949,'01:119:385 Weird Biology'),(148292949,'01:750:354 Physics Computer Laboratory'),(148292949,'01:358:255 Introduction to Modern Literary Fantasy'),(148292949,'01:160:111 Chemistry of Drugs'),(148292949,'01:750:409 Advanced Physics Laboratory'),(348656458,'01:198:462 Introduction to Deep Learning'),(348656458,'01:358:363 Fantasy Fiction'),(348656458,'01:358:243 Introduction to the Short Story'),(348656458,'01:160:496 Senior Research Project: Chemistry'),(526605464,'01:198:415 Compilers'),(526605464,'01:358:216 World Literatures in English'),(526605464,'01:198:310 Data Science Capstone Project '),(526605464,'01:119:307 Genetics'),(526605464,'01:750:309 Analytical Mechanics I'),(223651431,'01:198:494 Independent Study in Computer Science'),(223651431,'01:750:233 Electric Circuits I'),(223651431,'01:198:105 Great Insights in Computer Science'),(223651431,'01:119:333 Advanced Microbiolog'),(290035890,'01:160:305 Organic Chemistry'),(290035890,'01:119:388 Invertebrate Zoology'),(290035890,'01:119:202 Understanding Environmental Problems'),(290035890,'01:750:232 Elements of Modern Physics'),(290035890,'01:359:326 Literature and Psychology'),(249162275,'01:750:351 Thermal Physics I'),(249162275,'01:640:442 Introductory Topology II'),(249162275,'01:160:412 Advanced Organic Chemistry'),(249162275,'01:198:111 Introduction to Computer Science'),(643920677,'01:359:315 Allegories of Reading'),(643920677,'01:119:376 Animal Histology'),(643920677,'01:160:475 Organometallic Chemistry'),(643920677,'01:198:495 Honors Capstone 1'),(741430954,'01:119:307 Genetics'),(741430954,'01:358:398 The English Bible'),(741430954,'01:640:311 Introduction to Real Analysis I'),(741430954,'01:160:433 Chemical Application of Group Theory'),(741430954,'01:119:410 Electron Microscopy'),(802910856,'01:358:358 Early Twentieth Century Fiction'),(802910856,'01:640:454 Combinatorics'),(802910856,'01:750:406 Condensed Matter and Material Physics'),(802910856,'01:119:494 Seminar in Biology'),(675222566,'01:750:307 Electronics'),(675222566,'01:119:346 Animal Physiology'),(675222566,'01:358:335 Nineteenth Century Theater and Drama '),(675222566,'01:358:398 The English Bible'),(675222566,'01:160:134 Introduction to Chemistry'),(313516737,'01:198:211 Computer Architecture'),(313516737,'01:640:356 Theory of Numbers'),(313516737,'01:198:206 Introduction to Discrete Structures II'),(313516737,'01:750:495 Honors Program in Physics'),(994453093,'01:359:410 Seminar: Relational Aesthetics'),(994453093,'01:119:388 Invertebrate Zoology'),(994453093,'01:160:497 Honors Research in Chemistry'),(994453093,'01:640:435 Geometry'),(994453093,'01:640:351 Introduction to Abstract Algebra I'),(751857052,'01:750:238 Modern Physics Laboratory'),(751857052,'01:358:255 Introduction to Modern Literary Fantasy'),(751857052,'01:160:371 Inorganic Chemistry'),(751857052,'01:640:292 Honors Calculus IV'),(208691166,'01:119:371 Evolutionary Morphology'),(208691166,'01:160:495 Senior Research Project: Chemistry'),(208691166,'01:640:348 Cryptography'),(208691166,'01:640:442 Introductory Topology II'),(584345862,'01:750:354 Physics Computer Laboratory'),(584345862,'01:119:345 Neurobiology II'),(584345862,'01:640:025 Elementary Algebra'),(584345862,'01:198:419 Computer Security'),(886828278,'01:160:311 Organic Chemistry Laboratory'),(886828278,'01:198:105 Great Insights in Computer Science'),(886828278,'01:750:362 Biophysics'),(886828278,'01:750:322 3D Printing'),(886828278,'01:198:431 Software Engineering'),(620310351,'01:119:334 Cell Biology'),(620310351,'01:198:112 Data Structures'),(620310351,'01:750:464 Mathematical Physics II'),(620310351,'01:119:201 Basic Botany'),(620310351,'01:750:408 Advanced Physics Laboratory'),(982338703,'01:160:409 Organic Chemistry of High Polymers'),(982338703,'01:750:172 Topics in Physics II'),(982338703,'01:358:361 Twentieth Century Global Literature'),(982338703,'01:358:445 Seminar: Afro-Futurism'),(246240359,'01:119:338 Immunology and Serology'),(246240359,'01:640:442 Introductory Topology II'),(246240359,'01:119:106 Human Reproduction and Development'),(246240359,'01:198:425 Brain-Inspired Computing'),(878705397,'01:198:425 Brain-Inspired Computing'),(878705397,'01:640:441 Introductory Topology'),(878705397,'01:119:231 Clinical Aspects of Human Genetics (3)'),(878705397,'01:640:421 Advanced Calculus for Engineering'),(517941151,'01:750:322 3D Printing'),(517941151,'01:359:207 Data and Culture'),(517941151,'01:198:213 Software Methodology'),(517941151,'01:750:204 General Physics II'),(166099921,'01:119:371 Evolutionary Morphology'),(166099921,'01:119:360 Developmental Botany'),(166099921,'01:750:302 Electromagnetic Waves and Optics'),(166099921,'01:198:142 Data 101: Data Literacy'),(166099921,'01:119:102 General Biology II'),(166631910,'01:750:351 Thermal Physics I'),(166631910,'01:160:433 Chemical Application of Group Theory'),(166631910,'01:358:243 Introduction to the Short Story'),(166631910,'01:750:496 Honors Program in Physics'),(121011828,'01:198:206 Introduction to Discrete Structures II'),(121011828,'01:119:101 General Biology I'),(121011828,'01:750:490 Independent Studies'),(121011828,'01:119:103 Biology of Cancer'),(585080006,'01:160:412 Advanced Organic Chemistry'),(585080006,'01:640:461 Mathematical Logic'),(585080006,'01:750:307 Electronics'),(585080006,'01:750:418 Computational Physics II'),(585080006,'01:198:112 Data Structures'),(280782248,'01:119:306 Molecular Biology Laboratory'),(280782248,'01:160:492 Seminar in Chemistry'),(280782248,'01:160:471 Advanced Inorganic Chemistry'),(280782248,'01:750:322 3D Printing');
/*!40000 ALTER TABLE `istaking` ENABLE KEYS */;
UNLOCK TABLES;

--
-- Table structure for table `majors`
--

DROP TABLE IF EXISTS `majors`;
/*!40101 SET @saved_cs_client     = @@character_set_client */;
/*!50503 SET character_set_client = utf8mb4 */;
CREATE TABLE `majors` (
  `sid` int DEFAULT NULL,
  `dname` varchar(5) NOT NULL,
  KEY `sid` (`sid`),
  KEY `dname` (`dname`),
  CONSTRAINT `majors_ibfk_1` FOREIGN KEY (`sid`) REFERENCES `students` (`id`),
  CONSTRAINT `majors_ibfk_2` FOREIGN KEY (`dname`) REFERENCES `departments` (`name`)
) ENGINE=InnoDB DEFAULT CHARSET=utf8mb4 COLLATE=utf8mb4_0900_ai_ci;
/*!40101 SET character_set_client = @saved_cs_client */;

--
-- Dumping data for table `majors`
--

LOCK TABLES `majors` WRITE;
/*!40000 ALTER TABLE `majors` DISABLE KEYS */;
INSERT INTO `majors` VALUES (134304142,'Math'),(242601337,'Phys'),(242601337,'Math'),(349264939,'Phys'),(898944068,'Bio'),(898944068,'Eng'),(136795005,'Math'),(648138420,'Phys'),(492414355,'Phys'),(492414355,'Eng'),(930705745,'Phys'),(930705745,'Chem'),(686681365,'CS'),(259013480,'Eng'),(259013480,'CS'),(502881203,'Bio'),(959872717,'Bio'),(101021610,'Eng'),(101021610,'Bio'),(701766537,'Chem'),(701766537,'Eng'),(496617004,'Eng'),(712881718,'Phys'),(712881718,'Bio'),(176560149,'Bio'),(176560149,'CS'),(196137057,'Eng'),(394632741,'Phys'),(931656829,'Eng'),(931656829,'Phys'),(487361229,'CS'),(899755072,'Chem'),(204199196,'CS'),(873730642,'Chem'),(220477804,'Bio'),(299270225,'CS'),(299270225,'Chem'),(954980671,'Chem'),(954980671,'Math'),(610827534,'Math'),(610827534,'Eng'),(396980485,'Phys'),(443453679,'Eng'),(443453679,'Bio'),(955912889,'Bio'),(955912889,'Eng'),(497810803,'Phys'),(932708377,'Eng'),(906413383,'CS'),(906413383,'Math'),(158859465,'CS'),(158859465,'Chem'),(817323493,'CS'),(817323493,'Bio'),(340663467,'Phys'),(611995830,'CS'),(611995830,'Eng'),(446377508,'Bio'),(446377508,'CS'),(285071475,'Eng'),(611004769,'Eng'),(611004769,'Chem'),(980456532,'Phys'),(980456532,'Chem'),(241323893,'Bio'),(924766836,'CS'),(924766836,'Phys'),(731455187,'CS'),(731455187,'Bio'),(189615751,'Math'),(120352291,'Phys'),(612242331,'CS'),(612242331,'Phys'),(265356135,'Chem'),(744556809,'Eng'),(744556809,'CS'),(918026674,'Eng'),(918026674,'Bio'),(658495747,'Chem'),(658495747,'Bio'),(151562428,'Chem'),(117089802,'CS'),(598507855,'Phys'),(598507855,'Chem'),(901020488,'Eng'),(901020488,'Chem'),(856243535,'CS'),(454158577,'Bio'),(416738958,'Math'),(416738958,'Chem'),(557133215,'Bio'),(557133215,'Chem'),(911599939,'Math'),(311362465,'CS'),(311362465,'Chem'),(929843251,'Bio'),(645158273,'Eng'),(380582409,'Chem'),(556911304,'Eng'),(293250673,'Bio'),(248832129,'Chem'),(248832129,'Eng'),(661612085,'CS'),(803302097,'Chem'),(803302097,'Bio'),(313809272,'Eng'),(787607784,'Phys'),(818341008,'CS'),(944616786,'Chem'),(944616786,'Phys'),(148292949,'Phys'),(148292949,'Eng'),(348656458,'Eng'),(348656458,'Bio'),(526605464,'Chem'),(223651431,'CS'),(290035890,'Chem'),(290035890,'CS'),(249162275,'Phys'),(249162275,'Chem'),(643920677,'Eng'),(643920677,'Phys'),(741430954,'Math'),(741430954,'Chem'),(802910856,'CS'),(675222566,'Phys'),(675222566,'Chem'),(313516737,'Eng'),(994453093,'Math'),(994453093,'Phys'),(751857052,'Eng'),(751857052,'Math'),(208691166,'Math'),(584345862,'CS'),(886828278,'Phys'),(620310351,'Eng'),(982338703,'Chem'),(246240359,'Phys'),(246240359,'CS'),(878705397,'Phys'),(517941151,'Eng'),(517941151,'Phys'),(166099921,'Chem'),(166631910,'Phys'),(166631910,'Math'),(121011828,'Bio'),(121011828,'Phys'),(585080006,'Eng'),(280782248,'Eng');
/*!40000 ALTER TABLE `majors` ENABLE KEYS */;
UNLOCK TABLES;

--
-- Table structure for table `minors`
--

DROP TABLE IF EXISTS `minors`;
/*!40101 SET @saved_cs_client     = @@character_set_client */;
/*!50503 SET character_set_client = utf8mb4 */;
CREATE TABLE `minors` (
  `sid` int DEFAULT NULL,
  `dname` varchar(5) NOT NULL,
  KEY `sid` (`sid`),
  KEY `dname` (`dname`),
  CONSTRAINT `minors_ibfk_1` FOREIGN KEY (`sid`) REFERENCES `students` (`id`),
  CONSTRAINT `minors_ibfk_2` FOREIGN KEY (`dname`) REFERENCES `departments` (`name`)
) ENGINE=InnoDB DEFAULT CHARSET=utf8mb4 COLLATE=utf8mb4_0900_ai_ci;
/*!40101 SET character_set_client = @saved_cs_client */;

--
-- Dumping data for table `minors`
--

LOCK TABLES `minors` WRITE;
/*!40000 ALTER TABLE `minors` DISABLE KEYS */;
INSERT INTO `minors` VALUES (134304142,'Eng'),(134304142,'Phys'),(242601337,'Chem'),(242601337,'Bio'),(349264939,'Bio'),(349264939,'CS'),(898944068,'Math'),(898944068,'Phys'),(136795005,'Phys'),(648138420,'Chem'),(492414355,'Chem'),(930705745,'Eng'),(930705745,'CS'),(686681365,'Chem'),(259013480,'Chem'),(502881203,'CS'),(502881203,'Chem'),(959872717,'Phys'),(101021610,'Math'),(101021610,'Chem'),(701766537,'Math'),(496617004,'Phys'),(712881718,'Chem'),(176560149,'Math'),(176560149,'Chem'),(196137057,'Math'),(394632741,'Bio'),(931656829,'Math'),(931656829,'CS'),(487361229,'Bio'),(487361229,'Math'),(899755072,'Eng'),(204199196,'Chem'),(204199196,'Phys'),(873730642,'Math'),(220477804,'Chem'),(299270225,'Bio'),(299270225,'Eng'),(954980671,'Bio'),(954980671,'Eng'),(610827534,'CS'),(610827534,'Chem'),(396980485,'Chem'),(443453679,'Phys'),(443453679,'Chem'),(955912889,'Chem'),(955912889,'Phys'),(497810803,'Bio'),(932708377,'Phys'),(932708377,'Math'),(906413383,'Phys'),(906413383,'Chem'),(158859465,'Bio'),(158859465,'Math'),(817323493,'Eng'),(817323493,'Chem'),(340663467,'CS'),(611995830,'Math'),(446377508,'Eng'),(285071475,'Chem'),(285071475,'CS'),(611004769,'Math'),(980456532,'Math'),(241323893,'Math'),(241323893,'Chem'),(924766836,'Bio'),(731455187,'Chem'),(731455187,'Eng'),(189615751,'Eng'),(189615751,'Phys'),(120352291,'Bio'),(612242331,'Bio'),(612242331,'Math'),(265356135,'CS'),(744556809,'Math'),(744556809,'Phys'),(918026674,'CS'),(658495747,'Math'),(658495747,'Eng'),(151562428,'CS'),(151562428,'Math'),(117089802,'Math'),(117089802,'Chem'),(598507855,'Eng'),(598507855,'CS'),(901020488,'Phys'),(856243535,'Bio'),(454158577,'CS'),(454158577,'Math'),(416738958,'Eng'),(557133215,'Phys'),(911599939,'Eng'),(911599939,'Phys'),(311362465,'Math'),(929843251,'CS'),(645158273,'Phys'),(645158273,'Chem'),(380582409,'Phys'),(380582409,'Bio'),(556911304,'Phys'),(293250673,'Phys'),(248832129,'CS'),(248832129,'Bio'),(661612085,'Eng'),(661612085,'Math'),(803302097,'Math'),(313809272,'CS'),(787607784,'Chem'),(787607784,'Eng'),(818341008,'Bio'),(818341008,'Eng'),(944616786,'Math'),(944616786,'Eng'),(148292949,'Math'),(148292949,'CS'),(348656458,'Math'),(348656458,'Phys'),(526605464,'Bio'),(223651431,'Bio'),(223651431,'Chem'),(290035890,'Eng'),(249162275,'CS'),(643920677,'Math'),(741430954,'Bio'),(802910856,'Math'),(802910856,'Chem'),(675222566,'Bio'),(313516737,'Bio'),(994453093,'CS'),(751857052,'CS'),(751857052,'Chem'),(208691166,'Bio'),(208691166,'Chem'),(584345862,'Chem'),(886828278,'Bio'),(620310351,'Bio'),(982338703,'Math'),(982338703,'CS'),(246240359,'Eng'),(878705397,'Chem'),(878705397,'Math'),(517941151,'CS'),(166099921,'Eng'),(166099921,'Phys'),(166631910,'CS'),(121011828,'Eng'),(121011828,'Chem'),(585080006,'Phys'),(280782248,'Phys'),(280782248,'CS');
/*!40000 ALTER TABLE `minors` ENABLE KEYS */;
UNLOCK TABLES;

--
-- Table structure for table `students`
--

DROP TABLE IF EXISTS `students`;
/*!40101 SET @saved_cs_client     = @@character_set_client */;
/*!50503 SET character_set_client = utf8mb4 */;
CREATE TABLE `students` (
  `first_name` varchar(20) DEFAULT NULL,
  `last_name` varchar(20) DEFAULT NULL,
  `id` int NOT NULL,
  PRIMARY KEY (`id`)
) ENGINE=InnoDB DEFAULT CHARSET=utf8mb4 COLLATE=utf8mb4_0900_ai_ci;
/*!40101 SET character_set_client = @saved_cs_client */;

--
-- Dumping data for table `students`
--

LOCK TABLES `students` WRITE;
/*!40000 ALTER TABLE `students` DISABLE KEYS */;
INSERT INTO `students` VALUES ('Saraann','Reigstad',101021610),('Elisabeth','Mcdougal',117089802),('Demetris','Oleksy',120352291),('Arleyne','Ruebush',121011828),('Celesta','Harren',134304142),('Max','Putt',136795005),('Esma','Kryston',148292949),('Janel','Lopinto',151562428),('Shir','Godden',158859465),('Joellen','Faull',166099921),('Lacee','Grahl',166631910),('Korney','Tweten',176560149),('Raychel','Maus',189615751),('Timi','Lebert',196137057),('Berenice','Torset',204199196),('Jessamyn','Seidenbecker',208691166),('Juditha','Dearo',220477804),('Rici','Alzate',223651431),('Hermione','Balay',241323893),('Storm','Everet',242601337),('Juline','Ramsay',246240359),('Babbette','Haslip',248832129),('Carmelia','Galaz',249162275),('Milena','Spittle',259013480),('Paule','Rushen',265356135),('Marline','Pestone',280782248),('Angela','Shillinger',285071475),('Andria','Thielemier',290035890),('Christan','Harriston',293250673),('Jena','Killelea',299270225),('Laurice','Shauf',311362465),('Malanie','Urhahn',313516737),('Alene','Sheladia',313809272),('Hazel','Havely',340663467),('Mag','Terlizzi',348656458),('Stevena','Citino',349264939),('Aura','Meteer',380582409),('Fidelia','Zeinert',394632741),('Liane','Pleiss',396980485),('Celka','Amphy',416738958),('Cissiee','Yetzer',443453679),('Pierrette','Currington',446377508),('Diana','Delarme',454158577),('Veronique','Romness',487361229),('Almeda','Ketchersid',492414355),('Marillin','Ekker',496617004),('Chiquita','Feagin',497810803),('Gavra','Ortwein',502881203),('Jewel','Quercioli',517941151),('Paulie','Hudspeth',526605464),('Marnie','Seremet',556911304),('Yasmin','Fratzke',557133215),('Binny','Defiore',584345862),('Dorice','Doubet',585080006),('Kaylil','Peaden',598507855),('Alexina','Bacigalupi',610827534),('Anastassia','Hinojosa',611004769),('Philomena','Torborg',611995830),('Georgeanna','Cordenas',612242331),('Mariann','Igneri',620310351),('Theodosia','Venzon',643920677),('Cora','Fales',645158273),('Lenka','Zenner',648138420),('Lilith','Besco',658495747),('Gerrilee','Imbrenda',661612085),('Glory','Rimar',675222566),('Valeria','Cominsky',686681365),('Kalinda','Ribble',701766537),('Pooh','Ainsley',712881718),('Gennifer','Torra',731455187),('Ottilie','Digaetano',741430954),('Allyson','Decurtis',744556809),('Arlee','Paolini',751857052),('Gertruda','Cumbass',787607784),('Cati','Melin',802910856),('Kara','Janosko',803302097),('Feliza','Reynoso',817323493),('Vanni','Goerlitz',818341008),('Johannah','Urquides',856243535),('Carlynne','Sultaire',873730642),('Philippe','Whitsett',878705397),('Maren','Steinkirchner',886828278),('Aurel','Edlin',898944068),('Alli','Grein',899755072),('Vilhelmina','Struss',901020488),('Tessy','Simoni',906413383),('Adrianna','Ciersezwski',911599939),('Adah','Edson',918026674),('Tawsha','Metroka',924766836),('Jaclyn','Dubose',929843251),('Jany','Jonke',930705745),('Clotilda','Maymon',931656829),('Roseanne','Michelin',932708377),('Marylinda','Macartney',944616786),('Karyn','Pannunzio',954980671),('Prisca','Frediani',955912889),('Doe','Stasiak',959872717),('Elsy','Weith',980456532),('Caressa','Mcdannell',982338703),('Jeanine','Kruegel',994453093);
/*!40000 ALTER TABLE `students` ENABLE KEYS */;
UNLOCK TABLES;
/*!40103 SET TIME_ZONE=@OLD_TIME_ZONE */;

/*!40101 SET SQL_MODE=@OLD_SQL_MODE */;
/*!40014 SET FOREIGN_KEY_CHECKS=@OLD_FOREIGN_KEY_CHECKS */;
/*!40014 SET UNIQUE_CHECKS=@OLD_UNIQUE_CHECKS */;
/*!40101 SET CHARACTER_SET_CLIENT=@OLD_CHARACTER_SET_CLIENT */;
/*!40101 SET CHARACTER_SET_RESULTS=@OLD_CHARACTER_SET_RESULTS */;
/*!40101 SET COLLATION_CONNECTION=@OLD_COLLATION_CONNECTION */;
/*!40111 SET SQL_NOTES=@OLD_SQL_NOTES */;

-- Dump completed on 2023-04-09  0:13:45
